Temps,Altitude,Vitesse verticale,Acceleration verticale,Vitesse totale,Acceleration totale,Position contre le vent,Position parallele au vent,Distance laterale,Direction laterale,Vitesse laterale,Acceleration laterale,Latitude,Longitude,Acceleration Gravitationnelle,Angle d'attaque,Taux de roulis,Taux de tangage,Taux d'embardee,Masse,Masse du propergol,Moment d'inertie longitudinale,Moment d'inertie rotatif,Emplacement du CP,Emplacement du CG,Calibres marge de stabilite,Mach number,Nombre de Reynolds,Poussee,Force de trainee,Coefficient de trainee,Coefficient de trainee axiale,Coefficient de trainee de friction,Coefficient de trainee de pression,Coefficient de trainee de base,Coefficient de force normale,Coefficient de moment de tangage,Coefficient de moment d'embardee ,Coefficient de force laterale ,Coefficient de moment de roulis ,Coefficient de forcage de roulis,Coefficient d'amortissement de roulis,Coefficient d'amortissement de tangage,Acceleration de Coriolis,Longueur de reference,Surface de reference,Orientation verticale ,Orientation laterale ,Vitesse de vent,Temperature de l'air,Pression atmospherique,Vitesse du son,Pas de simulation du temps,Temps de calcul 
0,0,0,-8.5134,0,8.5134,0,0,0,0,0,0,48.34,0.78,9.8067,90,0,0,0,34795,7079,33.107,0.41448,NaN,261.06,NaN,0.042048,3345681,45,0,0.41684,0,0.23773,0.058889,0.12023,NaN,NaN,NaN,NaN,NaN,NaN,NaN,NaN,0,22,380.13,90,0,NaN,30.015,981.3,349.49,0.01,2.433e-4
0.01,0,0,21.663,0,21.663,0,0,0,0,0,0,48.34,0.78,9.8067,90,0,0,0,34795,7079,33.107,0.41448,NaN,261.06,NaN,0.042294,3365216,1095,0,0.41685,0,0.23772,0.058889,0.12023,NaN,NaN,NaN,NaN,NaN,NaN,NaN,NaN,0,22,380.13,90,0,NaN,30.015,981.3,349.49,0.01,3.406e-4
0.02,0.0010833,0.21666,51.522,0.21666,51.522,0,0,0,0,0,0,48.34,0.78,9.8067,89.165,0,0,0,34792,7075.8,33.105,0.41447,NaN,261.05,NaN,0.042544,3385109,2133.8,1.5234e-5,0.41685,3.2152e-6,0.23772,0.05889,0.12024,NaN,NaN,NaN,NaN,NaN,NaN,NaN,NaN,2.1003e-5,22,380.13,90,0,NaN,30.015,981.3,349.49,0.01,3.991e-4
0.03,0.0058265,0.73202,53.479,0.73202,53.479,0,0,0,0,0,0,48.34,0.78,9.8067,87.197,0,0,0,34782,7066.4,33.097,0.41443,NaN,261.02,NaN,0.042836,3408361,2201.2,5.7228e-4,0.41685,1.1914e-4,0.23772,0.05889,0.12024,NaN,NaN,NaN,NaN,NaN,NaN,NaN,NaN,7.0964e-5,22,380.13,90,0,NaN,30.014,981.3,349.49,0.01,4.566e-4
0.04,0.015821,1.267,55.444,1.267,55.444,0,0,0,0,0,0,48.34,0.78,9.8067,85.184,0,0,0,34770,7053.9,33.088,0.41438,NaN,260.99,NaN,0.043183,3435947,2268.8,0.0028876,0.41686,5.9155e-4,0.23772,0.058891,0.12024,NaN,NaN,NaN,NaN,NaN,NaN,NaN,NaN,1.2283e-4,22,380.13,90,0,NaN,30.014,981.3,349.49,0.01,5.137e-4
0.05,0.031264,1.8216,57.409,1.8216,57.409,0,0,0,0,0,0,48.34,0.78,9.8067,83.132,0,0,0,34757,7041.4,33.078,0.41433,NaN,260.96,NaN,0.043589,3468236,2336.2,0.0083441,0.41686,0.0016777,0.23772,0.058892,0.12025,NaN,NaN,NaN,NaN,NaN,NaN,NaN,NaN,1.7659e-4,22,380.13,90,0,NaN,30.014,981.3,349.49,0.01,5.752e-4
0.06,0.052352,2.3959,58.512,2.3959,58.512,0,0,0,0,0,0,48.34,0.78,9.8067,80.974,0,0,0,34745,7028.9,33.068,0.41428,NaN,260.93,NaN,0.043698,3476970,2373.8,0.018583,0.41686,0.0037175,0.23772,0.058892,0.12025,NaN,NaN,NaN,NaN,NaN,NaN,NaN,NaN,2.3227e-4,22,380.13,90,0,NaN,30.014,981.29,349.49,0.01,6.332e-4
0.07,0.079238,2.9813,58.753,2.9813,58.753,0,0,0,0,0,0,48.34,0.78,9.8067,78.789,0,0,0,34732,7015.9,33.057,0.41423,NaN,260.9,NaN,0.043876,3491096,2381.2,0.035009,0.41686,0.0069471,0.23772,0.058892,0.12025,NaN,NaN,NaN,NaN,NaN,NaN,NaN,NaN,2.8901e-4,22,380.13,90,0,NaN,30.014,981.29,349.49,0.01,6.902e-4
0.08,0.11199,3.569,58.995,3.569,58.995,0,0,0,0,0,0,48.34,0.78,9.8067,76.616,0,0,0,34719,7002.6,33.047,0.41417,NaN,260.86,NaN,0.044118,3510379,2388.8,0.058706,0.41687,0.011522,0.23772,0.058893,0.12025,NaN,NaN,NaN,NaN,NaN,NaN,NaN,NaN,3.4599e-4,22,380.13,90,0,NaN,30.014,981.29,349.49,0.01,7.715e-4
0.09,0.15063,4.1592,59.237,4.1592,59.237,0,0,0,0,0,0,48.34,0.78,9.8067,74.462,0,0,0,34705,6989.2,33.036,0.41412,NaN,260.83,NaN,0.044425,3534799,2396.2,0.090761,0.41687,0.017568,0.23772,0.058893,0.12026,NaN,NaN,NaN,NaN,NaN,NaN,NaN,NaN,4.032e-4,22,380.13,90,0,NaN,30.014,981.29,349.49,0.01,8.431e-4
0.1,0.19518,4.7518,59.197,4.7518,59.197,0,0,0,0,0,0,48.34,0.78,9.8067,72.331,0,0,0,34692,6975.8,33.025,0.41406,NaN,260.79,NaN,0.044796,3564312,2394,0.13215,0.41687,0.025158,0.23772,0.058894,0.12026,NaN,NaN,NaN,NaN,NaN,NaN,NaN,NaN,4.6065e-4,22,380.13,90,0,NaN,30.014,981.29,349.49,0.01,9.058e-4
0.11,0.24566,5.3439,58.876,5.3439,58.876,0,0,0,0,0,0,48.34,0.78,9.8067,70.098,0,0,0,34679,6962.6,33.015,0.41401,NaN,260.76,NaN,0.044919,3574050,2382,0.18457,0.41688,0.034945,0.23772,0.058894,0.12026,NaN,NaN,NaN,NaN,NaN,NaN,NaN,NaN,5.1806e-4,22,380.13,90,0,NaN,30.014,981.29,349.49,0.01,0.0010016
0.12,0.30205,5.9329,58.554,5.9329,58.554,0,0,0,0,0,0,48.34,0.78,9.8067,67.891,0,0,0,34665,6949.5,33.004,0.41396,NaN,260.73,NaN,0.045105,3588907,2370,0.24786,0.41688,0.04654,0.23772,0.058895,0.12026,NaN,NaN,NaN,NaN,NaN,NaN,NaN,NaN,5.7515e-4,22,380.13,90,0,NaN,30.014,981.28,349.49,0.01,0.0010885
0.13,0.3643,6.5186,58.231,6.5186,58.231,0,0,0,0,0,0,48.34,0.78,9.8067,65.717,0,0,0,34652,6936.4,32.994,0.4139,NaN,260.69,NaN,0.045355,3608736,2358,0.32247,0.41688,0.059886,0.23772,0.058895,0.12027,NaN,NaN,NaN,NaN,NaN,NaN,NaN,NaN,6.3193e-4,22,380.13,90,0,NaN,30.013,981.28,349.49,0.01,0.0011452
0.14,0.4324,7.1012,57.908,7.1012,57.908,0,0,0,0,0,0,48.34,0.78,9.8067,63.579,0,0,0,34639,6923.2,32.983,0.41385,NaN,260.66,NaN,0.045664,3633376,2346,0.40872,0.41688,0.074877,0.23772,0.058896,0.12027,NaN,NaN,NaN,NaN,NaN,NaN,NaN,NaN,6.8841e-4,22,380.13,90,0,NaN,30.013,981.28,349.49,0.01,0.0012024
0.15,0.50631,7.6804,57.584,7.6804,57.584,0,0,0,0,0,0,48.34,0.78,9.8067,61.484,0,0,0,34626,6910.1,32.973,0.4138,NaN,260.63,NaN,0.046032,3662647,2334,0.50678,0.41689,0.091363,0.23772,0.058896,0.12028,NaN,NaN,NaN,NaN,NaN,NaN,NaN,NaN,7.4456e-4,22,380.13,90,0,NaN,30.013,981.28,349.49,0.01,0.00126
0.16,0.58599,8.2565,57.26,8.2565,57.26,0,0,0,0,0,0,48.34,0.78,9.8067,59.941,0,0,0,34613,6897,32.962,0.41374,NaN,260.59,NaN,0.047165,3752736,2322,0.60918,0.4169,0.10461,0.23771,0.058899,0.12029,NaN,NaN,NaN,NaN,NaN,NaN,NaN,NaN,8.0041e-4,22,380.13,90,0,NaN,30.013,981.27,349.49,0.01,0.0013193
0.17,0.67142,8.8293,56.936,8.8293,56.936,0,0,0,0,0,0,48.34,0.78,9.8067,58.481,0,0,0,34600,6883.9,32.952,0.41369,NaN,260.56,NaN,0.048325,3845029,2310,0.72132,0.41692,0.118,0.23771,0.058901,0.1203,NaN,NaN,NaN,NaN,NaN,NaN,NaN,NaN,8.5593e-4,22,380.13,90,0,NaN,30.012,981.27,349.49,0.01,0.0015619
0.18,0.76256,9.3988,56.61,9.3988,56.61,0,0,0,0,0,0,48.34,0.78,9.8067,57.099,0,0,0,34587,6870.8,32.941,0.41364,NaN,260.53,NaN,0.04951,3939300,2298,0.84308,0.41693,0.13139,0.23771,0.058904,0.12032,NaN,NaN,NaN,NaN,NaN,NaN,NaN,NaN,9.1115e-4,22,380.13,90,0,NaN,30.012,981.27,349.49,0.01,0.0016284
0.19,0.85938,9.9651,56.285,9.9651,56.285,0,0,0,0,0,0,48.34,0.78,9.8067,55.791,0,0,0,34574,6857.7,32.931,0.41358,NaN,260.49,NaN,0.050717,4035336,2286,0.97429,0.41695,0.1447,0.23771,0.058906,0.12033,NaN,NaN,NaN,NaN,NaN,NaN,NaN,NaN,9.6605e-4,22,380.13,90,0,NaN,30.012,981.26,349.49,0.01,0.0016887
0.2,0.96185,10.528,56.056,10.528,56.056,0,0,0,0,0,0,48.34,0.78,9.8067,54.553,0,0,0,34561,6844.5,32.92,0.41353,NaN,260.46,NaN,0.051944,4132945,2277.4,1.1148,0.41696,0.15783,0.2377,0.058909,0.12035,NaN,NaN,NaN,NaN,NaN,NaN,NaN,NaN,0.0010206,22,380.13,90,0,NaN,30.012,981.26,349.49,0.01,0.0017474
0.21,1.0699,11.089,55.924,11.089,55.924,0,0,0,0,0,0,48.34,0.78,9.8067,53.283,0,0,0,34548,6831.7,32.91,0.41348,NaN,260.43,NaN,0.053071,4222616,2272.1,1.2668,0.41698,0.17182,0.2377,0.058912,0.12037,NaN,NaN,NaN,NaN,NaN,NaN,NaN,NaN,0.001075,22,380.13,90,0,NaN,30.011,981.25,349.49,0.01,0.0018057
0.22,1.1836,11.648,55.791,11.648,55.791,0,0,0,0,0,0,48.34,0.78,9.8067,52.069,0,0,0,34535,6819.3,32.9,0.41343,NaN,260.39,NaN,0.054221,4314090,2266.9,1.4286,0.41699,0.18564,0.2377,0.058914,0.12038,NaN,NaN,NaN,NaN,NaN,NaN,NaN,NaN,0.0011292,22,380.13,90,0,NaN,30.011,981.25,349.49,0.01,0.0018807
0.23,1.3029,12.206,55.658,12.206,55.658,0,0,0,0,0,0,48.34,0.78,9.8067,50.91,0,0,0,34523,6806.8,32.89,0.41338,NaN,260.36,NaN,0.055392,4407225,2261.6,1.6002,0.41701,0.19924,0.23769,0.058917,0.1204,NaN,NaN,NaN,NaN,NaN,NaN,NaN,NaN,0.0011833,22,380.13,90,0,NaN,30.011,981.25,349.49,0.01,0.001957
0.24,1.4277,12.763,55.524,12.763,55.524,0,0,0,0,0,0,48.34,0.78,9.8067,49.801,0,0,0,34510,6794.3,32.879,0.41332,NaN,260.33,NaN,0.056582,4501894,2256.4,1.7812,0.41703,0.21255,0.23769,0.05892,0.12042,NaN,NaN,NaN,NaN,NaN,NaN,NaN,NaN,0.0012373,22,380.13,90,0,NaN,30.01,981.24,349.49,0.01,0.0020152
0.25,1.5582,13.319,55.39,13.319,55.39,0,0,0,0,0,0,48.34,0.78,9.8067,48.742,0,0,0,34498,6781.8,32.869,0.41327,NaN,260.3,NaN,0.057789,4597976,2251.1,1.9717,0.41705,0.22555,0.23769,0.058923,0.12043,NaN,NaN,NaN,NaN,NaN,NaN,NaN,NaN,0.0012911,22,380.13,90,0,NaN,30.01,981.24,349.48,0.01,0.0021817
0.26,1.6941,13.873,55.255,13.873,55.255,0,0,0,0,0,0,48.34,0.78,9.8067,47.2,0,0,0,34485,6769.3,32.859,0.41322,NaN,260.27,NaN,0.058423,4648335,2245.9,2.1878,0.41705,0.24488,0.23769,0.058925,0.12044,NaN,NaN,NaN,NaN,NaN,NaN,NaN,NaN,0.0013449,22,380.13,90,0,NaN,30.009,981.23,349.48,0.01,0.0022482
0.27,1.8356,14.425,55.12,14.425,55.12,0,0,0,0,0,0,48.34,0.78,9.8067,45.695,0,0,0,34473,6756.8,32.849,0.41317,NaN,260.23,NaN,0.059094,4701772,2240.6,2.4145,0.41706,0.26415,0.23768,0.058927,0.12045,NaN,NaN,NaN,NaN,NaN,NaN,NaN,NaN,0.0013984,22,380.13,90,0,NaN,30.009,981.22,349.48,0.01,0.0023066
0.28,1.9826,14.977,54.984,14.977,54.984,0,0,0,0,0,0,48.34,0.78,9.8067,44.227,0,0,0,34460,6744.4,32.839,0.41312,NaN,260.2,NaN,0.059803,4758157,2235.4,2.6514,0.41708,0.28322,0.23768,0.058928,0.12046,NaN,NaN,NaN,NaN,NaN,NaN,NaN,NaN,0.0014519,22,380.13,90,0,NaN,30.008,981.22,349.48,0.01,0.002381
0.29,2.1351,15.527,54.848,15.527,54.848,0,0,0,0,0,0,48.34,0.78,9.8067,42.797,0,0,0,34448,6731.9,32.829,0.41307,NaN,260.17,NaN,0.060548,4817363,2230.1,2.8979,0.41709,0.302,0.23768,0.05893,0.12048,NaN,NaN,NaN,NaN,NaN,NaN,NaN,NaN,0.0015052,22,380.13,90,0,NaN,30.008,981.21,349.48,0.01,0.0024808
0.3,2.2931,16.075,54.712,16.075,54.712,0,0,0,0,0,0,48.34,0.78,9.8067,41.405,0,0,0,34435,6719.4,32.819,0.41302,NaN,260.14,NaN,0.061326,4879261,2224.9,3.1538,0.4171,0.32037,0.23768,0.058932,0.12049,NaN,NaN,NaN,NaN,NaN,NaN,NaN,NaN,0.0015584,22,380.13,90,0,NaN,30.007,981.21,349.48,0.01,0.0025391
0.31,2.4566,16.623,54.575,16.623,54.575,0,0,0,0,0,0,48.34,0.78,9.8067,40.224,0,0,0,34423,6706.9,32.809,0.41297,NaN,260.11,NaN,0.062295,4956335,2219.6,3.4126,0.41711,0.33597,0.23768,0.058935,0.1205,NaN,NaN,NaN,NaN,NaN,NaN,NaN,NaN,0.0016114,22,380.13,90,0,NaN,30.007,981.2,349.48,0.01,0.0025973
0.32,2.6256,17.169,54.438,17.169,54.438,0,0,0,0,0,0,48.34,0.78,9.8067,39.082,0,0,0,34410,6694.4,32.799,0.41292,NaN,260.07,NaN,0.063287,5035206,2214.4,3.6798,0.41713,0.35101,0.23767,0.058938,0.12052,NaN,NaN,NaN,NaN,NaN,NaN,NaN,NaN,0.0016644,22,380.13,90,0,NaN,30.006,981.19,349.48,0.01,0.0026554
0.33,2.8,17.713,54.301,17.713,54.301,0,0,0,0,0,0,48.34,0.78,9.8067,37.978,0,0,0,34398,6681.9,32.789,0.41287,NaN,260.04,NaN,0.064299,5115768,2209.1,3.9548,0.41715,0.36545,0.23767,0.058941,0.12054,NaN,NaN,NaN,NaN,NaN,NaN,NaN,NaN,0.0017172,22,380.13,90,0,NaN,30.006,981.19,349.48,0.01,0.0027304
0.34,2.9798,18.256,54.163,18.256,54.163,0,0,0,0,0,0,48.34,0.78,9.8067,36.911,0,0,0,34385,6669.5,32.778,0.41282,NaN,260.01,NaN,0.065332,5197920,2203.9,4.2373,0.41716,0.37928,0.23767,0.058944,0.12055,NaN,NaN,NaN,NaN,NaN,NaN,NaN,NaN,0.0017698,22,380.13,90,0,NaN,30.005,981.18,349.48,0.01,0.0028192
0.35,3.1651,18.798,54.025,18.798,54.025,0,0,0,0,0,0,48.34,0.78,9.8067,35.879,0,0,0,34373,6657,32.768,0.41277,NaN,259.98,NaN,0.066384,5281564,2198.6,4.527,0.41718,0.39247,0.23766,0.058947,0.12057,NaN,NaN,NaN,NaN,NaN,NaN,NaN,NaN,0.0018223,22,380.13,90,0,NaN,30.005,981.17,349.48,0.01,0.0029089
0.36,3.3558,19.338,53.888,19.338,53.888,0,0,0,0,0,0,48.34,0.78,9.8067,35.433,0,0,0,34361,6644.5,32.758,0.41272,NaN,259.94,NaN,0.067913,5403174,2193.4,4.806,0.41721,0.39812,0.23766,0.058951,0.1206,NaN,NaN,NaN,NaN,NaN,NaN,NaN,NaN,0.0018747,22,380.13,90,0,NaN,30.004,981.16,349.48,0.01,0.002981
0.37,3.5519,19.877,53.75,19.877,53.75,0,0,0,0,0,0,48.34,0.78,9.8067,35.01,0,0,0,34348,6632,32.748,0.41266,NaN,259.91,NaN,0.069442,5524838,2188.1,5.0922,0.41724,0.40345,0.23765,0.058956,0.12063,NaN,NaN,NaN,NaN,NaN,NaN,NaN,NaN,0.001927,22,380.13,90,0,NaN,30.004,981.16,349.48,0.01,0.0030549
0.38,3.7533,20.415,53.611,20.415,53.611,0,0,0,0,0,0,48.34,0.78,9.8067,34.606,0,0,0,34336,6619.5,32.738,0.41261,NaN,259.88,NaN,0.070972,5646530,2182.9,5.3856,0.41726,0.4085,0.23765,0.05896,0.12065,NaN,NaN,NaN,NaN,NaN,NaN,NaN,NaN,0.0019791,22,380.13,90,0,NaN,30.003,981.15,349.48,0.01,0.003142
0.39,3.9602,20.951,53.473,20.951,53.473,0,0,0,0,0,0,48.34,0.78,9.8067,34.221,0,0,0,34323,6607,32.728,0.41256,NaN,259.85,NaN,0.072502,5768228,2177.6,5.6859,0.41729,0.41327,0.23764,0.058965,0.12068,NaN,NaN,NaN,NaN,NaN,NaN,NaN,NaN,0.0020311,22,380.13,90,0,NaN,30.002,981.14,349.48,0.01,0.0032297
0.4,4.1724,21.486,53.345,21.486,53.524,0,0,0,0,0,4.3733,48.34,0.78,9.8067,33.854,0,0,0,34311,6594.5,32.717,0.41251,243.89,259.81,-0.72396,0.074032,5889911,2171.6,5.9932,0.41732,0.41779,0.23764,0.05897,0.12071,10.457,-13.331,1.2495e-4,0,0,0,0,0,0.0020829,22,380.13,90,0,NaN,30.002,981.13,349.48,0.015,0.0033279
0.415,4.5006,22.286,53.128,22.286,53.302,-3.015e-4,-3.856e-4,4.8948e-4,-128.02,0.065107,4.3109,48.34,0.78,9.8067,32.189,0,-1.0648,-2.3105e-6,34295,6579.4,32.705,0.41245,244.43,259.77,-0.69772,0.075345,5994299,2163.2,6.5028,0.41734,0.43767,0.23763,0.058974,0.12074,9.9269,-11.937,1.8484e-4,0,0,0,0,-0.0025138,0.0021661,22,380.13,89.992,-128,NaN,30.001,981.12,349.48,0.0225,0.0034322
0.4375,5.0155,23.481,52.798,23.482,52.97,-0.0018731,-0.0023955,0.0030408,-128.02,0.16151,4.2653,48.34,0.78,9.8067,29.837,0,-2.5137,-3.8794e-5,34273,6557,32.687,0.41236,245.26,259.72,-0.65698,0.077419,6159190,2150.5,7.2783,0.41739,0.46398,0.23762,0.058981,0.12078,9.1996,-10.007,-2.0546e-4,0,0,0,0,-0.013269,0.0022902,22,380.13,89.951,-128,NaN,29.999,981.1,349.48,0.03375,0.0034939
0.47125,5.8381,25.262,52.299,25.264,52.49,-0.0067369,-0.0086157,0.010937,-128.02,0.30762,4.4803,48.34,0.78,9.8067,27.472,0,-4.4138,-3.0961e-5,34239,6523.4,32.659,0.41222,246.21,259.63,-0.61014,0.08135,6471817,2131.7,8.449,0.41747,0.48782,0.23761,0.058995,0.12086,8.4979,-8.1094,1.2871e-4,0,0,0,0,-0.037053,0.0024755,22,380.13,89.834,-128,NaN,29.997,981.07,349.48,0.05,0.0035831
0.52125,7.1665,27.874,51.546,27.88,51.804,-0.019817,-0.025343,0.032171,-128.02,0.54747,5.163,48.34,0.78,9.8067,25.361,0,-7.0054,-1.2062e-4,34189,6473.4,32.618,0.41202,247.14,259.5,-0.56167,0.087941,6995896,2109.2,10.249,0.41761,0.50641,0.23758,0.05902,0.12101,7.9003,-6.4396,1.6736e-4,0,0,0,0,-0.079875,0.0027497,22,380.13,89.548,-128,NaN,29.993,981.01,349.47,0.05,0.0036587
0.57125,8.6247,30.454,50.921,30.465,51.292,-0.040882,-0.052282,0.066368,-128.02,0.82877,6.1577,48.34,0.78,9.8067,24.203,0,-9.4758,-1.2302e-4,34130,6413.7,32.569,0.41178,247.7,259.34,-0.52932,0.094908,7549812,2087.7,12.148,0.41777,0.5154,0.23755,0.059047,0.12117,7.5856,-5.503,3.2556e-4,0,0,0,0,-0.12548,0.0030243,22,380.13,89.135,-128,NaN,29.988,980.96,349.47,0.05,0.003733
0.62125,10.211,33.001,50.512,33.022,51.022,-0.071471,-0.091403,0.11603,-128.02,1.1664,7.1931,48.34,0.78,9.8067,22.84,0,-11.998,-1.7617e-4,34070,6354.4,32.52,0.41154,248.39,259.19,-0.49084,0.10145,8.07e6,2074.6,14.132,0.41804,0.52474,0.23752,0.059182,0.12134,7.2272,-4.4454,2.7499e-5,0,0,0,0,-0.17606,0.003301,22,380.13,88.598,-128,NaN,29.983,980.89,349.47,0.05,0.0037932
0.67125,11.924,35.527,50.132,35.561,50.781,-0.11315,-0.14471,0.18369,-128.02,1.5478,8.0902,48.34,0.78,9.8066,20.727,0,-13.996,-3.5671e-4,34012,6296.1,32.472,0.4113,249.54,259.03,-0.43131,0.10731,8535616,2063.3,16.158,0.41863,0.53628,0.23749,0.059638,0.1215,6.6985,-2.9427,1.9761e-4,0,0,0,0,-0.21412,0.0035797,22,380.13,87.945,-128,NaN,29.978,980.83,349.47,0.05,0.0038693
0.72125,13.763,38.034,49.728,38.085,50.527,-0.16731,-0.21398,0.27162,-128.02,1.9766,8.9508,48.34,0.78,9.8066,18.982,0,-15.485,-6.7732e-4,33954,6238.3,32.424,0.41106,250.58,258.88,-0.37703,0.11333,9013923,2052.1,18.235,0.41924,0.54269,0.23746,0.060108,0.12167,6.0999,-2.0649,-1.0859e-4,0,0,0,0,-0.23502,0.0038608,22,380.13,87.207,-128,NaN,29.972,980.75,349.46,0.05,0.0039336
0.77125,15.727,40.519,49.263,40.593,50.299,-0.23528,-0.30091,0.38197,-128.02,2.4477,10.155,48.34,0.78,9.8066,18.24,0,-16.733,-0.0010525,33897,6180.5,32.375,0.41083,251.06,258.72,-0.34862,0.11984,9531371,2040.4,20.475,0.41991,0.54496,0.23743,0.060619,0.12187,5.7963,-1.7749,-4.613e-4,0,0,0,0,-0.24543,0.004144,22,380.13,86.401,-128,NaN,29.966,980.68,349.46,0.05,0.0040637
0.82125,17.815,42.979,48.625,43.084,49.994,-0.31896,-0.40795,0.51784,-128.02,2.9996,11.622,48.34,0.78,9.8066,17.965,0,-18.103,-0.0012943,33839,6123,32.327,0.41059,251.24,258.57,-0.33332,0.12648,10059017,2024.7,22.859,0.42061,0.54623,0.23739,0.061142,0.12208,5.6852,-1.6375,-4.7819e-4,0,0,0,0,-0.25789,0.0044322,22,380.13,85.53,-128,NaN,29.96,980.59,349.45,0.05,0.0041249
0.87125,20.024,45.408,47.941,45.551,49.628,-0.42056,-0.5379,0.68279,-128.02,3.6087,12.829,48.34,0.77999,9.8066,17.183,0,-19.342,-0.0013073,33782,6066.3,32.28,0.41036,251.76,258.42,-0.30277,0.13273,10555638,2008.2,25.237,0.42127,0.54764,0.23735,0.061636,0.12229,5.372,-1.3587,6.1473e-5,0,0,0,0,-0.2673,0.0047229,22,380.13,84.594,-128,NaN,29.953,980.51,349.45,0.05,0.004213
0.92125,22.355,47.8,47.191,47.992,49.304,-0.54198,-0.69322,0.87994,-128.02,4.2895,14.28,48.34,0.77999,9.8066,16.8,0,-20.554,-0.0014581,33726,6010.1,32.232,0.41013,252.02,258.27,-0.28384,0.13907,11058788,1991.7,27.745,0.42196,0.54849,0.23731,0.062138,0.12251,5.2209,-1.207,-3.6693e-4,0,0,0,0,-0.27499,0.0050169,22,380.13,83.596,-128,NaN,29.946,980.41,349.45,0.05,0.0043021
0.97125,24.804,50.154,46.34,50.406,48.99,-0.68544,-0.87673,1.1129,-128.02,5.0418,15.894,48.34,0.77999,9.8066,16.635,0,-21.712,-0.0013833,33670,5953.9,32.185,0.40991,252.14,258.12,-0.27152,0.14538,1.156e7,1974.3,30.361,0.42265,0.54928,0.23726,0.06264,0.12275,5.1569,-1.1194,3.8589e-4,0,0,0,0,-0.28077,0.0053141,22,380.13,82.54,-128,NaN,29.939,980.32,349.44,0.05,0.004363
1.0213,27.369,52.461,45.114,52.79,48.572,-0.85346,-1.0917,1.3857,-128.02,5.8898,17.998,48.34,0.77999,9.8066,17.135,0,-23.001,-0.0015016,33614,5898.3,32.138,0.40968,251.81,257.97,-0.27977,0.15182,12070918,1948.9,33.171,0.42337,0.55037,0.23722,0.063154,0.123,5.3556,-1.2092,2.8795e-4,0,0,0,0,-0.28896,0.0056163,22,380.13,81.423,-128,NaN,29.931,980.22,349.44,0.05,0.0044237
1.0713,30.048,54.703,43.742,55.131,48.156,-1.0493,-1.3422,1.7037,-128.02,6.8504,20.14,48.34,0.77999,9.8066,17.575,0,-24.553,-0.001626,33560,5844.5,32.092,0.40946,251.53,257.82,-0.2861,0.15802,12562611,1921.7,35.976,0.42407,0.55109,0.23717,0.06365,0.12325,5.5327,-1.2788,-3.0767e-5,0,0,0,0,-0.30398,0.0059232,22,380.13,80.235,-128,NaN,29.923,980.11,349.43,0.05,0.0044848
1.1213,32.838,56.877,42.329,57.424,47.708,-1.2763,-1.6326,2.0723,-128.02,7.9091,22.006,48.34,0.77998,9.8066,17.607,0,-26.218,-0.0017548,33508,5791.6,32.047,0.40925,251.51,257.68,-0.28016,0.16385,13025357,1894.5,38.736,0.42474,0.55193,0.23713,0.064119,0.12349,5.5463,-1.2318,4.8577e-4,0,0,0,0,-0.32236,0.0062334,22,380.13,78.966,-128,NaN,29.914,980,349.43,0.05,0.0045453
1.1713,35.734,58.978,40.858,59.669,47.251,-1.5373,-1.9665,2.4961,-128.02,9.0593,23.733,48.34,0.77998,9.8066,17.454,0,-27.907,-0.0023512,33455,5738.7,32.001,0.40903,251.62,257.53,-0.2687,0.16945,13469483,1867.3,41.496,0.42539,0.55288,0.23708,0.06457,0.12373,5.4859,-1.1323,4.7745e-4,0,0,0,0,-0.34151,0.0065459,22,380.13,77.613,-128,NaN,29.905,979.89,349.42,0.05,0.0046062
1.2213,38.734,61.003,39.286,61.866,46.841,-1.835,-2.3474,2.9795,-128.02,10.293,25.509,48.34,0.77998,9.8066,17.35,0,-29.531,-0.0021608,33402,5685.8,31.956,0.40882,251.7,257.39,-0.25865,0.17492,13903106,1840.1,44.283,0.42603,0.55376,0.23704,0.065012,0.12398,5.4452,-1.0491,4.4199e-4,0,0,0,0,-0.35889,0.00686,22,380.13,76.177,-128,NaN,29.896,979.77,349.42,0.05,0.0046668
1.2713,41.833,62.946,37.583,64.01,46.512,-2.1722,-2.7787,3.527,-128.01,11.624,27.402,48.34,0.77997,9.8066,17.365,0,-31.199,-0.0023833,33349,5633,31.91,0.4086,251.69,257.24,-0.25218,0.18026,14326626,1812.9,47.094,0.42666,0.55458,0.23699,0.065446,0.12422,5.4523,-0.998,9.7933e-5,0,0,0,0,-0.37719,0.0071764,22,380.13,74.658,-128,NaN,29.886,979.65,349.41,0.05,0.0047274
1.3213,45.027,64.801,34.105,66.102,44.881,-2.5517,-3.2643,4.1433,-128.01,13.048,29.174,48.34,0.77997,9.8065,17.72,0,-32.863,-0.0025628,33296,5580.2,31.865,0.40839,251.47,257.1,-0.25585,0.18548,1.474e7,1731.5,49.904,0.42729,0.55516,0.23695,0.06587,0.12447,5.5958,-1.0361,5.9167e-5,0,0,0,0,-0.39529,0.0074944,22,380.13,73.058,-128,NaN,29.877,979.52,349.4,0.05,0.0047883
1.3713,48.309,66.472,29.074,68.052,42.113,-2.9767,-3.8081,4.8335,-128.01,14.582,30.466,48.34,0.77996,9.8065,18.173,0,-34.887,-0.0031611,33249,5532.9,31.824,0.40819,251.18,256.97,-0.2629,0.19025,15118003,1601.1,52.521,0.42787,0.55539,0.23691,0.066259,0.12471,5.7803,-1.096,2.9371e-4,0,0,0,0,-0.42342,0.0078064,22,380.13,71.365,-128,NaN,29.867,979.39,349.4,0.05,0.0048493
1.4213,51.669,67.896,24.02,69.791,39.486,-3.4496,-4.4131,5.6014,-128.01,16.152,31.34,48.34,0.77995,9.8065,18.471,0,-36.898,-0.0039824,33207,5490.9,31.787,0.40802,251,256.85,-0.26595,0.19444,15449294,1470.7,54.87,0.42838,0.55558,0.23687,0.066601,0.12491,5.9031,-1.1168,8.9371e-5,0,0,0,0,-0.45348,0.0080996,22,380.13,69.571,-128,NaN,29.856,979.26,349.39,0.05,0.0049132
1.4713,55.093,69.056,18.822,71.31,37.261,-3.9717,-5.0813,6.4494,-128.01,17.788,32.158,48.34,0.77995,9.8065,18.971,3.8268e-7,-39.274,-0.0042246,33165,5448.8,31.751,0.40785,250.69,256.73,-0.27458,0.19799,1.573e7,1340.2,56.836,0.42882,0.55512,0.23684,0.066892,0.1251,6.1099,-1.1823,4.9901e-4,0,0,0,0,-0.49554,0.0083753,22,380.13,67.667,-128,NaN,29.846,979.12,349.39,0.05,0.0049745
1.5213,58.568,69.961,13.302,72.611,35.263,-4.5445,-5.8142,7.3796,-128.01,19.438,32.658,48.34,0.77994,9.8065,19.545,0,-41.647,-0.0045056,33123,5406.8,31.714,0.40768,250.35,256.62,-0.28498,0.20095,15963653,1201.7,58.43,0.42919,0.55407,0.23681,0.067135,0.12525,6.3501,-1.2687,4.8794e-4,0,0,0,0,-0.54093,0.0086294,22,380.13,65.645,-128,NaN,29.835,978.99,349.38,0.05,0.0050354
1.5713,62.082,70.574,5.73,73.672,32.841,-5.1689,-6.6131,8.3935,-128.01,21.139,32.337,48.34,0.77993,9.8065,20.93,0,-44.939,-0.0047877,33085,5368.5,31.68,0.40752,249.54,256.51,-0.3167,0.20297,16122131,996.51,59.081,0.42944,0.54925,0.23679,0.067301,0.12536,6.7651,-1.8695,2.5628e-4,0,0,0,0,-0.61742,0.0088622,22,380.13,63.486,-128,NaN,29.825,978.85,349.37,0.049993,0.005097
1.6212,65.617,70.813,-2.07,74.393,31.006,-5.845,-7.4782,9.4914,-128.01,22.801,30.937,48.34,0.77992,9.8065,22.278,5.928e-7,-49.669,-0.0048665,33055,5339.1,31.655,0.4074,248.8,256.43,-0.34652,0.20404,16205908,807.47,58.974,0.42958,0.54258,0.23678,0.067389,0.12541,7.1012,-2.5718,4.5872e-4,0,0,0,0,-0.74633,0.0090568,22,380.13,61.128,-128,NaN,29.814,978.71,349.37,0.035935,0.0051649
1.6572,68.16,70.737,-6.8992,74.68,30.917,-6.3621,-8.1399,10.331,-128.01,23.947,30.137,48.34,0.77991,9.8065,23.494,7.433e-7,-54.146,-0.0050416,33034,5318.1,31.636,0.40732,248.17,256.37,-0.37249,0.2041,1.621e7,665.15,58.178,0.42959,0.53498,0.23678,0.067394,0.12542,7.4161,-3.2101,2.9457e-4,0,0,0,0,-0.88645,0.0091691,22,380.13,59.266,-128,NaN,29.806,978.61,349.36,0.028759,0.0052309
1.6859,70.192,70.529,-10.639,74.773,31.356,-6.7939,-8.6925,11.033,-128.01,24.833,29.496,48.34,0.77991,9.8065,24.665,8.0969e-7,-58.515,-0.0050386,33018,5302.3,31.622,0.40725,247.6,256.32,-0.39664,0.20371,16177942,557.8,57.025,0.42954,0.52643,0.23678,0.067362,0.12539,7.7293,-3.8302,-3.0939e-4,0,0,0,0,-1.0392,0.0092424,22,380.13,57.648,-128,NaN,29.8,978.53,349.36,0.024186,0.0052926
1.7101,71.894,70.26,-12.229,74.763,32.284,-7.1691,-9.1726,11.642,-128.01,25.556,29.878,48.34,0.7799,9.8065,25.716,8.1623e-7,-62.792,-0.0051173,33006,5290.4,31.612,0.40721,247.11,256.29,-0.41745,0.20314,16131635,538.17,55.773,0.42947,0.51781,0.23679,0.067315,0.12536,8.0186,-4.3776,4.9355e-5,0,0,0,0,-1.2035,0.009293,22,380.13,56.182,-128,NaN,29.794,978.46,349.35,0.021275,0.0053554
1.7314,73.386,69.988,-13.378,74.73,33.214,-7.5081,-9.6064,12.192,-128.01,26.197,30.4,48.34,0.7799,9.8065,26.666,8.9983e-7,-66.997,-0.0051321,32998,5282.3,31.605,0.40717,246.68,256.27,-0.43572,0.20258,16086343,536.38,54.554,0.4294,0.50934,0.23679,0.067269,0.12533,8.2864,-4.8618,2.8561e-4,0,0,0,0,-1.3777,0.0093352,22,380.13,54.802,-128,NaN,29.79,978.4,349.35,0.01926,0.0054164
1.7507,74.732,69.72,-14.517,74.689,34.124,-7.8223,-10.008,12.703,-128.01,26.788,30.882,48.34,0.77989,9.8065,27.595,8.56e-7,-71.176,-0.0050601,32992,5276.2,31.599,0.40715,246.28,256.25,-0.45303,0.20202,16041492,534.75,53.308,0.42933,0.50049,0.2368,0.067223,0.12531,8.5537,-5.3326,1.2371e-4,0,0,0,0,-1.5636,0.0093726,22,380.13,53.472,-128,NaN,29.786,978.35,349.35,0.017655,0.0054782
1.7683,75.96,69.454,-15.656,74.64,35.027,-8.1164,-10.385,13.18,-128.01,27.337,31.333,48.34,0.77989,9.8065,28.517,8.8835e-7,-75.336,-0.0052252,32987,5270.7,31.594,0.40713,245.91,256.24,-0.46951,0.20146,15996501,533.25,52.025,0.42926,0.49119,0.2368,0.067177,0.12528,8.8241,-5.7964,-1.2174e-4,0,0,0,0,-1.7614,0.009406,22,380.13,52.179,-128,NaN,29.782,978.3,349.35,0.016331,0.0055395
1.7846,77.092,69.189,-16.796,74.585,35.919,-8.3939,-10.74,13.631,-128.01,27.852,31.75,48.34,0.77989,9.8064,29.428,8.596e-7,-79.479,-0.0052809,32982,5265.6,31.59,0.40711,245.55,256.22,-0.48513,0.2009,15951581,531.86,50.718,0.42919,0.48154,0.23681,0.067131,0.12525,9.0959,-6.2503,1.9099e-4,0,0,0,0,-1.9714,0.0094362,22,380.13,50.915,-128,NaN,29.779,978.26,349.34,0.015228,0.0056024
1.7999,78.144,68.925,-17.94,74.524,36.804,-8.6573,-11.077,14.059,-128.01,28.339,32.136,48.34,0.77988,9.8064,30.33,8.7973e-7,-83.607,-0.0053631,32977,5260.9,31.586,0.40709,245.21,256.21,-0.49998,0.20034,15906590,530.56,49.387,0.42912,0.47155,0.23681,0.067085,0.12522,9.3699,-6.6936,4.464e-4,0,0,0,0,-2.1938,0.0094634,22,380.13,49.674,-128,NaN,29.775,978.21,349.34,0.014298,0.0056636
1.8142,79.127,68.662,-18.933,74.457,37.43,-8.9089,-11.399,14.467,-128.01,28.8,32.289,48.34,0.77988,9.8064,30.902,9.098e-7,-87.658,-0.0055849,32973,5256.5,31.582,0.40707,245,256.2,-0.50887,0.19999,15878374,529.31,48.532,0.42907,0.46503,0.23682,0.067056,0.1252,9.5456,-6.8919,-1.6121e-4,0,0,0,0,-2.42,0.0094881,22,380.13,48.45,-128,NaN,29.772,978.18,349.34,0.013934,0.0057244
1.8281,80.082,68.391,-19.971,74.384,38.091,-9.1579,-11.718,14.872,-128.01,29.251,32.435,48.34,0.77988,9.8064,31.507,9.1406e-7,-91.711,-0.0057948,32968,5252.3,31.578,0.40705,244.79,256.18,-0.51805,0.19964,1.585e7,528.1,47.627,0.42903,0.45799,0.23682,0.067027,0.12518,9.7332,-7.1067,3.1342e-4,0,0,0,0,-2.6584,0.0095113,22,380.13,47.2,-128,NaN,29.769,978.14,349.34,0.013559,0.0058018
1.8417,81.008,68.113,-21.053,74.304,38.784,-9.4039,-12.032,15.271,-128.01,29.692,32.572,48.34,0.77987,9.8064,32.144,8.9643e-7,-95.767,-0.0058624,32964,5248.2,31.575,0.40703,244.57,256.17,-0.52747,0.19928,15821143,526.92,46.669,0.42898,0.45041,0.23682,0.066998,0.12516,9.9327,-7.3371,-1.456e-4,0,0,0,0,-2.9092,0.0095327,22,380.13,45.929,-128,NaN,29.767,978.1,349.34,0.01318,0.005877
1.8548,81.904,67.829,-22.221,74.216,39.574,-9.6466,-12.343,15.665,-128.01,30.122,32.746,48.34,0.77987,9.8064,32.903,8.8589e-7,-99.83,-0.0059465,32960,5244.2,31.571,0.40702,244.32,256.16,-0.5384,0.19884,15786183,525.78,45.511,0.42893,0.44118,0.23683,0.066962,0.12514,10.173,-7.6487,-1.5806e-4,0,0,0,0,-3.1752,0.0095526,22,380.13,44.64,-128,NaN,29.764,978.07,349.34,0.012697,0.0059801
1.8675,82.763,67.539,-23.682,74.122,40.437,-9.8838,-12.646,16.051,-128.01,30.54,32.777,48.34,0.77987,9.8064,33.833,8.6344e-7,-103.93,-0.0059464,32956,5240.4,31.568,0.407,244.02,256.15,-0.55136,0.19828,15740784,516.18,44.064,0.42886,0.42961,0.23683,0.066916,0.12511,10.47,-8.0787,4.5168e-4,0,0,0,0,-3.4611,0.0095707,22,380.13,43.347,-128,NaN,29.761,978.03,349.33,0.012089,0.0060667
1.8796,83.578,67.245,-25.472,74.02,41.204,-10.113,-12.939,16.422,-128.01,30.937,32.388,48.34,0.77986,9.8064,34.762,8.9335e-7,-108.02,-0.0059611,32953,5237.1,31.565,0.40699,243.74,256.14,-0.56378,0.1977,15694287,489.45,42.599,0.42879,0.41779,0.23684,0.066868,0.12508,10.77,-8.5007,3.1878e-4,0,0,0,0,-3.761,0.0095864,22,380.13,42.066,-128,NaN,29.759,978,349.33,0.011556,0.006143
1.8912,84.353,66.944,-27.229,73.905,41.977,-10.334,-13.223,16.782,-128.01,31.313,31.948,48.34,0.77986,9.8064,35.696,8.9638e-7,-112.11,-0.0061016,32951,5234.5,31.562,0.40698,243.47,256.13,-0.57575,0.19709,15645578,463.33,41.11,0.42871,0.4057,0.23684,0.066818,0.12505,11.075,-8.9176,-6.0753e-5,0,0,0,0,-4.0759,0.0095991,22,380.13,40.794,-128,NaN,29.756,977.97,349.33,0.011084,0.0062039
1.9023,85.093,66.635,-28.942,73.777,42.752,-10.549,-13.498,17.131,-128.01,31.668,31.466,48.34,0.77986,9.8064,36.629,8.9909e-7,-116.18,-0.0061914,32948,5232.1,31.56,0.40697,243.21,256.13,-0.58716,0.19646,15595181,438.23,39.61,0.42863,0.39342,0.23685,0.066767,0.12502,11.383,-9.3236,-4.6855e-4,0,0,0,0,-4.4061,0.009609,22,380.13,39.529,-128,NaN,29.754,977.94,349.33,0.010669,0.0062648
1.9129,85.803,66.32,-30.607,73.638,43.517,-10.758,-13.765,17.471,-128.01,32.004,30.934,48.34,0.77985,9.8064,37.549,9.0077e-7,-120.25,-0.0060624,32946,5229.8,31.558,0.40696,242.97,256.12,-0.59787,0.19582,15544291,414.02,38.127,0.42855,0.38117,0.23686,0.066714,0.12498,11.688,-9.7086,3.3014e-4,0,0,0,0,-4.7509,0.0096164,22,380.13,38.268,-128,NaN,29.752,977.91,349.33,0.010312,0.0063557
1.9232,86.485,65.998,-32.241,73.488,44.285,-10.962,-14.027,17.802,-128.01,32.323,30.36,48.34,0.77985,9.8064,38.479,9.0465e-7,-124.32,-0.0060427,32944,5227.6,31.556,0.40695,242.73,256.11,-0.60817,0.19516,15491529,390.59,36.627,0.42847,0.36867,0.23686,0.06666,0.12495,11.999,-10.089,-4.6401e-4,0,0,0,0,-5.1119,0.0096214,22,380.13,37.007,-128,NaN,29.75,977.88,349.33,0.0099903,0.0064477
1.9332,87.143,65.67,-33.844,73.328,45.057,-11.162,-14.282,18.127,-128.01,32.626,29.744,48.34,0.77985,9.8064,39.419,8.9374e-7,-128.38,-0.0060782,32942,5225.5,31.554,0.40694,242.51,256.11,-0.61807,0.19447,15436984,367.87,35.114,0.42839,0.35594,0.23687,0.066604,0.12492,12.316,-10.465,3.9291e-4,0,0,0,0,-5.4897,0.0096241,22,380.13,35.745,-128,NaN,29.748,977.86,349.33,0.0096987,0.0065247
1.9429,87.778,65.336,-35.416,73.158,45.828,-11.358,-14.533,18.444,-128.01,32.914,29.084,48.34,0.77985,9.8064,40.371,9.0239e-7,-132.43,-0.0061943,32939,5223.4,31.553,0.40693,242.3,256.1,-0.62756,0.19377,15380728,345.79,33.591,0.4283,0.34299,0.23687,0.066547,0.12488,12.637,-10.835,1.1624e-4,0,0,0,0,-5.8847,0.0096248,22,380.13,34.48,-128,NaN,29.746,977.83,349.32,0.0094359,0.0065854
1.9524,88.393,64.996,-36.976,72.979,46.619,-11.55,-14.778,18.756,-128.01,33.188,28.393,48.34,0.77984,9.8064,41.369,9.1277e-7,-136.49,-0.0061957,32937,5221.4,31.551,0.40693,242.08,256.1,-0.63698,0.19301,1.532e7,324.31,32.006,0.42821,0.32939,0.23688,0.066485,0.12484,12.976,-11.224,-3.5596e-4,0,0,0,0,-6.2996,0.0096234,22,380.13,33.212,-128,NaN,29.744,977.81,349.32,0.0091805,0.0066467
1.9616,88.988,64.651,-38.55,72.791,47.464,-11.738,-15.019,19.062,-128.01,33.448,27.691,48.34,0.77984,9.8064,42.477,9.0096e-7,-140.55,-0.0061166,32935,5219.5,31.549,0.40692,241.86,256.09,-0.64679,0.19214,15250874,303.45,30.265,0.4281,0.31431,0.23689,0.066413,0.1248,13.353,-11.675,4.3448e-4,0,0,0,0,-6.7409,0.0096201,22,380.13,31.94,-128,NaN,29.742,977.79,349.32,0.0089057,0.0067082
1.9705,89.562,64.303,-40.078,72.595,48.292,-11.922,-15.255,19.361,-128.01,33.694,26.941,48.34,0.77984,9.8064,43.588,8.9942e-7,-144.6,-0.0061009,32934,5217.5,31.547,0.40691,241.65,256.09,-0.65598,0.19125,1.518e7,283.17,28.547,0.42799,0.29923,0.2369,0.066341,0.12476,13.732,-12.109,-2.1819e-4,0,0,0,0,-7.2019,0.0096149,22,380.13,30.671,-128,NaN,29.74,977.76,349.32,0.0086658,0.0067871
1.9791,90.118,63.95,-41.564,72.392,49.101,-12.103,-15.486,19.654,-128.01,33.926,26.14,48.34,0.77984,9.8064,44.705,9.0844e-7,-148.65,-0.0060712,32932,5215.7,31.546,0.4069,241.46,256.08,-0.66456,0.19035,15108286,263.41,26.854,0.42788,0.28417,0.23691,0.066267,0.12471,14.113,-12.526,3.7354e-4,0,0,0,0,-7.6834,0.009608,22,380.13,29.4,-127.99,NaN,29.739,977.74,349.32,0.0084567,0.0068621
1.9876,90.657,63.594,-43.008,72.181,49.891,-12.28,-15.713,19.942,-128.01,34.146,25.287,48.34,0.77983,9.8064,45.831,9.1876e-7,-152.7,-0.0060978,32930,5213.9,31.544,0.40689,241.28,256.08,-0.67256,0.18943,15035033,244.11,25.187,0.42777,0.26913,0.23691,0.066192,0.12466,14.497,-12.928,6.1639e-5,0,0,0,0,-8.1862,0.0095994,22,380.13,28.126,-127.99,NaN,29.737,977.72,349.32,0.0082737,0.0069258
1.9959,91.182,63.233,-44.408,71.963,50.661,-12.454,-15.936,20.225,-128.01,34.353,24.381,48.34,0.77983,9.8064,46.968,9.1247e-7,-156.74,-0.0061202,32928,5212.1,31.543,0.40689,241.11,256.07,-0.67999,0.18849,1.496e7,225.26,23.548,0.42766,0.25413,0.23692,0.066115,0.12462,14.883,-13.311,7.0244e-5,0,0,0,0,-8.7111,0.0095892,22,380.13,26.846,-127.99,NaN,29.735,977.7,349.32,0.0081155,0.0069869
2.004,91.694,62.869,-45.708,71.736,51.349,-12.627,-16.156,20.505,-128.01,34.549,23.399,48.34,0.77983,9.8064,47.996,9.1988e-7,-160.77,-0.0061232,32927,5210.7,31.541,0.40688,240.97,256.07,-0.68619,0.18765,14893658,207.04,22.11,0.42755,0.24076,0.23693,0.066047,0.12458,15.231,-13.594,1.1267e-4,0,0,0,0,-9.2471,0.0095773,22,380.13,25.557,-127.99,NaN,29.734,977.68,349.32,0.0080176,0.0070481
2.012,92.196,62.498,-46.924,71.502,51.967,-12.798,-16.375,20.783,-128.01,34.735,22.332,48.34,0.77983,9.8064,48.922,9.1979e-7,-164.78,-0.0062749,32926,5209.9,31.541,0.40688,240.85,256.06,-0.69138,0.18692,14835046,189.06,20.857,0.42747,0.22891,0.23694,0.065987,0.12454,15.544,-13.782,1.4029e-4,0,0,0,0,-9.7911,0.0095638,22,380.13,24.252,-127.99,NaN,29.732,977.66,349.32,0.0079703,0.0071086
2.02,92.693,62.12,-48.117,71.258,52.582,-12.968,-16.594,21.06,-128.01,34.91,21.206,48.34,0.77982,9.8064,49.876,9.0821e-7,-168.79,-0.0064302,32925,5209.4,31.54,0.40688,240.74,256.06,-0.69635,0.18616,14774748,171.17,19.602,0.42737,0.21689,0.23694,0.065925,0.12451,15.863,-13.967,-3.0406e-4,0,0,0,0,-10.357,0.0095486,22,380.13,22.923,-127.99,NaN,29.731,977.64,349.32,0.0079292,0.00717
2.0279,93.184,61.735,-49.282,71.004,53.194,-13.139,-16.812,21.338,-128.01,35.076,20.021,48.34,0.77982,9.8064,50.86,8.9994e-7,-172.8,-0.0065422,32925,5208.9,31.54,0.40687,240.64,256.06,-0.70103,0.18538,14712733,153.37,18.35,0.42728,0.20475,0.23695,0.065862,0.12447,16.191,-14.145,9.4589e-5,0,0,0,0,-10.947,0.0095317,22,380.13,21.569,-127.99,NaN,29.729,977.62,349.31,0.0078955,0.0072314
2.0358,93.67,61.342,-50.416,70.739,53.799,-13.31,-17.031,21.615,-128.01,35.231,18.775,48.34,0.77982,9.8064,51.873,9.101e-7,-176.81,-0.0066956,32924,5208.4,31.539,0.40687,240.54,256.06,-0.7054,0.18458,14648957,135.63,17.104,0.42718,0.19251,0.23696,0.065797,0.12443,16.526,-14.315,-9.6178e-5,0,0,0,0,-11.56,0.0095129,22,380.13,20.189,-127.99,NaN,29.728,977.6,349.31,0.0078694,0.0072928
2.0437,94.151,60.942,-51.514,70.465,54.394,-13.481,-17.25,21.893,-128.01,35.376,17.466,48.34,0.77982,9.8064,52.917,9.0688e-7,-180.81,-0.0067796,32924,5207.9,31.539,0.40687,240.45,256.06,-0.70941,0.18376,14583374,117.95,15.867,0.42708,0.1802,0.23696,0.06573,0.12439,16.867,-14.476,4.469e-4,0,0,0,0,-12.198,0.0094924,22,380.13,18.782,-127.99,NaN,29.726,977.58,349.31,0.0078521,0.0073536
2.0515,94.628,60.534,-52.578,70.18,54.986,-13.653,-17.469,22.171,-128.01,35.509,16.093,48.34,0.77982,9.8064,54.017,8.9647e-7,-184.81,-0.0069193,32923,5207.4,31.538,0.40687,240.37,256.06,-0.71312,0.18288,14513952,100.29,14.618,0.42698,0.1676,0.23697,0.065659,0.12435,17.223,-14.638,3.0094e-4,0,0,0,0,-12.866,0.00947,22,380.13,17.346,-127.99,NaN,29.725,977.56,349.31,0.0078391,0.0074147
2.0593,95.101,60.118,-53.618,69.884,55.587,-13.824,-17.689,22.45,-128.01,35.632,14.664,48.34,0.77981,9.8064,55.248,8.9427e-7,-188.82,-0.0070141,32923,5206.9,31.538,0.40687,240.29,256.06,-0.71665,0.18188,14434126,82.68,13.282,0.42686,0.15398,0.23698,0.065577,0.1243,17.615,-14.84,1.2968e-5,0,0,0,0,-13.579,0.0094457,22,380.13,15.882,-127.99,NaN,29.723,977.55,349.31,0.0078179,0.0074757
2.0672,95.569,59.695,-54.596,69.578,56.161,-13.996,-17.909,22.729,-128.01,35.743,13.165,48.34,0.77981,9.8064,56.511,8.9627e-7,-192.82,-0.0071025,32922,5206.4,31.538,0.40686,240.22,256.05,-0.7196,0.18085,14352205,65.095,11.985,0.42673,0.14053,0.23699,0.065493,0.12425,18.011,-15.02,-4.9353e-4,0,0,0,0,-14.322,0.0094195,22,380.13,14.39,-127.99,NaN,29.722,977.53,349.31,0.0078127,0.0075368
2.075,96.034,59.266,-55.505,69.261,56.703,-14.168,-18.129,23.009,-128.01,35.842,11.593,48.34,0.77981,9.8064,57.81,8.9814e-7,-196.82,-0.007108,32922,5205.9,31.537,0.40686,240.17,256.05,-0.72194,0.17979,14268077,47.503,10.73,0.42661,0.1273,0.237,0.065407,0.1242,18.41,-15.173,-9.8964e-5,0,0,0,0,-15.098,0.0093913,22,380.13,12.868,-127.99,NaN,29.721,977.51,349.31,0.0078254,0.0075978
2.0828,96.496,58.828,-56.339,68.932,57.211,-14.341,-18.351,23.29,-128.01,35.928,9.9472,48.34,0.77981,9.8064,59.149,9.0319e-7,-200.81,-0.0071298,32921,5205.4,31.537,0.40686,240.13,256.05,-0.72361,0.1787,14181605,29.86,9.5208,0.42648,0.11434,0.23701,0.065319,0.12415,18.811,-15.296,-2.8212e-4,0,0,0,0,-15.909,0.0093612,22,380.13,11.312,-127.99,NaN,29.719,977.49,349.31,0.007857,0.0076584
2.0907,96.956,58.383,-57.092,68.591,57.681,-14.515,-18.573,23.572,-128.01,36.002,8.2238,48.34,0.7798,9.8064,60.532,9.0655e-7,-204.8,-0.0071803,32921,5204.9,31.536,0.40686,240.11,256.05,-0.72457,0.17759,14092632,12.123,8.3614,0.42635,0.10168,0.23702,0.065228,0.1241,19.215,-15.388,-3.0625e-4,0,0,0,0,-16.756,0.0093289,22,380.13,9.7185,-127.99,NaN,29.718,977.47,349.31,0.007909,0.0077188
2.0986,97.416,57.929,-57.728,68.237,58.104,-14.691,-18.798,23.857,-128.01,36.062,6.5997,48.34,0.7798,9.8064,61.962,9.0658e-7,-208.78,-0.0073304,32920,5204.4,31.536,0.40686,240.1,256.05,-0.72475,0.17643,14000981,0.28956,7.2559,0.42621,0.089398,0.23703,0.065135,0.12405,19.621,-15.442,-3.2399e-4,0,0,0,0,-17.643,0.0092943,22,380.13,8.083,-127.99,NaN,29.716,977.45,349.31,0.0079844,0.0077779
2.1066,97.877,57.466,-63.82,67.869,64.088,-14.868,-19.025,24.145,-128.01,36.109,5.8551,48.34,0.7798,9.8064,63.41,9.0401e-7,-212.76,-0.0074668,15433,5204.1,7.6594,0.14602,158.05,175.44,-1.1593,0.17529,8981104,0,3.2367,0.47586,0.086912,0.29575,0.05612,0.12399,22.515,-21.441,3.2149e-4,0,0,0,0,-41.484,0.0092575,15,176.71,6.4001,-127.99,NaN,29.715,977.44,349.31,0.0044645,0.0079017
2.111,98.133,57.181,-64.066,67.641,64.26,-14.967,-19.152,24.307,-128.01,36.133,4.9836,48.34,0.7798,9.8064,64.225,9.0343e-7,-216.65,-0.0075647,15433,5204.1,7.6594,0.14602,158.07,175.44,-1.1577,0.17458,8944715,0,2.9578,0.47583,0.08007,0.29575,0.056114,0.12396,22.765,-20.487,-4.2836e-4,0,0,0,0,-43.367,0.0092343,15,176.71,5.4415,-127.99,NaN,29.714,977.43,349.31,0.0047104,0.0079547
2.1157,98.401,56.878,-64.299,67.397,64.426,-15.072,-19.286,24.477,-128.01,36.154,4.0378,48.34,0.7798,9.8064,65.105,8.9956e-7,-220.54,-0.0076122,15433,5204.1,7.6594,0.14602,158.1,175.44,-1.1555,0.17382,8906009,0,2.6743,0.4758,0.073026,0.29576,0.056108,0.12393,23.028,-19.506,1.2703e-4,0,0,0,0,-45.328,0.0092093,15,176.71,4.4117,-127.99,NaN,29.713,977.41,349.31,0.0049904,0.0080035
2.1207,98.684,56.557,-64.513,67.135,64.583,-15.183,-19.428,24.657,-128.01,36.172,3.008,48.34,0.77979,9.8064,66.06,9.0181e-7,-224.42,-0.0076537,15433,5204.1,7.6594,0.14602,158.15,175.44,-1.1525,0.17302,8864661,0,2.3872,0.47576,0.065795,0.29577,0.056101,0.12389,23.305,-18.492,3.9333e-4,0,0,0,0,-47.375,0.0091821,15,176.71,3.3014,-127.99,NaN,29.712,977.4,349.3,0.0053133,0.0080541
2.126,98.984,56.214,-64.698,66.853,64.725,-15.302,-19.58,24.85,-128.01,36.185,1.8827,48.34,0.77979,9.8064,67.1,8.9729e-7,-228.28,-0.0077657,15433,5204.1,7.6594,0.14602,158.21,175.44,-1.1486,0.17215,8820268,0,2.0977,0.47573,0.058398,0.29578,0.056094,0.12385,23.599,-17.44,-3.782e-4,0,0,0,0,-49.515,0.0091524,15,176.71,2.0986,-127.99,NaN,29.712,977.39,349.3,0.0056905,0.0081026
2.1317,99.303,55.845,-64.843,66.547,64.846,-15.428,-19.742,25.056,-128.01,36.192,0.64746,48.34,0.77979,9.8064,68.24,8.9486e-7,-232.14,-0.0078135,15433,5204.1,7.6594,0.14602,158.28,175.44,-1.1436,0.17122,8772322,0,1.8074,0.47569,0.050869,0.29579,0.056087,0.12381,23.908,-16.343,2.1687e-4,0,0,0,0,-51.761,0.0091199,15,176.71,0.78844,-127.99,NaN,29.711,977.38,349.3,0.0061391,0.0081508
2.1379,99.645,55.447,-64.932,66.213,64.936,-15.565,-19.917,25.278,-128.01,36.192,0.71537,48.34,0.77979,9.8064,69.498,8.9708e-7,-235.97,-0.0079607,15433,5204.1,7.6594,0.14602,158.38,175.44,-1.137,0.1702,8720163,0,1.5185,0.47564,0.043251,0.2958,0.056078,0.12377,24.234,-15.189,4.3334e-4,0,0,0,0,-54.127,0.0090838,15,176.71,-0.64862,-127.99,NaN,29.71,977.37,349.3,0.0066847,0.008199
2.1445,100.01,55.013,-64.944,65.845,64.982,-15.714,-20.108,25.52,-128.01,36.182,2.2287,48.34,0.77979,9.8064,70.899,8.9703e-7,-239.79,-0.0080636,15433,5204.1,7.6594,0.14602,158.51,175.44,-1.1285,0.16909,8662907,0,1.2338,0.4756,0.035608,0.29581,0.05607,0.12372,24.579,-13.963,-6.4008e-5,0,0,0,0,-56.631,0.0090434,15,176.71,-2.239,-127.99,NaN,29.708,977.35,349.3,0.0073682,0.0082471
2.1519,100.42,54.534,-64.846,65.433,64.964,-15.878,-20.318,25.786,-128.01,36.16,3.9232,48.34,0.77979,9.8064,72.484,8.9982e-7,-243.57,-0.0082708,15433,5204.1,7.6594,0.14602,158.68,175.44,-1.1173,0.16784,8599082,0,0.95642,0.47554,0.028013,0.29582,0.05606,0.12366,24.944,-12.644,-5.575e-5,0,0,0,0,-59.301,0.0089976,15,176.71,-4.02,-127.99,NaN,29.707,977.34,349.3,0.0082583,0.0082955
2.1602,100.87,54,-64.585,64.966,64.849,-16.062,-20.553,26.085,-128.01,36.119,5.8413,48.34,0.77978,9.8064,74.315,8.9987e-7,-247.31,-0.0084339,15433,5204.1,7.6594,0.14602,158.9,175.44,-1.1024,0.16642,8526313,0,0.69064,0.47549,0.020575,0.29584,0.056048,0.1236,25.33,-11.193,-6.5537e-5,0,0,0,0,-62.182,0.0089447,15,176.71,-6.0472,-127.99,NaN,29.706,977.32,349.3,0.0094888,0.0083439
2.1697,101.37,53.389,-64.085,64.422,64.588,-16.273,-20.823,26.427,-128.01,36.053,8.049,48.34,0.77978,9.8064,76.468,9.1171e-7,-250.98,-0.0086335,15433,5204.1,7.6594,0.14602,159.21,175.44,-1.082,0.16478,8442241,0,0.44613,0.47542,0.013557,0.29585,0.056036,0.12353,25.735,-9.5505,1.2257e-4,0,0,0,0,-65.322,0.0088821,15,176.71,-8.4118,-127.99,NaN,29.704,977.3,349.3,0.011343,0.008392
2.181,101.98,52.667,-63.197,63.765,64.089,-16.524,-21.144,26.835,-128.01,35.947,10.658,48.34,0.77978,9.8064,79.107,9.1153e-7,-254.53,-0.0087956,15433,5204.1,7.6594,0.14602,159.64,175.44,-1.053,0.16282,8341442,0,0.23432,0.47534,0.0072936,0.29587,0.05602,0.12345,26.155,-7.6096,1.997e-4,0,0,0,0,-68.816,0.008805,15,176.71,-11.28,-127.99,NaN,29.702,977.27,349.3,0.011786,0.008464
2.1928,102.59,51.929,-61.94,63.077,63.348,-16.785,-21.478,27.258,-128.01,35.806,13.286,48.34,0.77977,9.8064,81.914,9.131e-7,-257.3,-0.0090759,15433,5204.1,7.6594,0.14602,160.18,175.44,-1.0169,0.16078,8236831,0,0.096465,0.47526,0.0030793,0.29589,0.056005,0.12336,26.506,-5.6042,4.3508e-5,0,0,0,0,-72.119,0.0087226,15,176.71,-14.297,-127.99,NaN,29.701,977.25,349.3,0.011659,0.0085265
2.2044,103.19,51.216,-60.381,62.394,62.403,-17.041,-21.806,27.675,-128.01,35.637,15.756,48.34,0.77977,9.8064,84.732,9.1271e-7,-259.17,-0.009381,15433,5204.1,7.6594,0.14602,160.81,175.44,-0.97536,0.15879,8134974,0,0.026843,0.47518,8.7844e-4,0.29591,0.05599,0.12328,26.756,-3.6351,3.7771e-4,0,0,0,0,-75.013,0.0086392,15,176.71,-17.308,-127.99,NaN,29.699,977.23,349.3,0.011575,0.0085748
2.216,103.78,50.527,-58.554,61.718,61.271,-17.295,-22.13,28.086,-128.01,35.441,18.041,48.34,0.77977,9.8064,87.549,9.1113e-7,-260.22,-0.0097015,15433,5204.1,7.6594,0.14602,161.51,175.44,-0.92824,0.15688,8036584,0,0.002718,0.4751,9.1139e-5,0.29593,0.055976,0.1232,26.901,-1.7037,-3.9735e-4,0,0,0,0,-77.481,0.008555,15,176.71,-20.315,-127.99,NaN,29.697,977.2,349.3,0.011529,0.0086229
2.2276,104.36,49.864,-56.473,61.048,59.946,-17.545,-22.451,28.494,-128.01,35.221,20.109,48.34,0.77976,9.8064,90.392,9.103e-7,-260.5,-0.010114,15433,5204.1,7.6594,0.14602,162.31,175.44,-0.87488,0.155,7940295,0,-1.1082e-5,0.47503,-3.8066e-7,0.29595,0.055962,0.12312,26.94,0.21262,2.6946e-4,0,0,0,0,-79.544,0.0084705,15,176.71,-23.318,-127.99,NaN,29.695,977.18,349.29,0.011516,0.0086715
2.2391,104.93,49.227,-54.169,60.388,58.441,-17.794,-22.769,28.898,-128.01,34.978,21.935,48.34,0.77976,9.8064,93.26,9.1134e-7,-260.07,-0.01044,15433,5204.1,7.6594,0.14602,163.21,175.44,-0.81496,0.15317,7846300,0,-0.0060408,0.47496,-2.125e-4,0.29596,0.055948,0.12305,26.87,2.1158,-7.9521e-5,0,0,0,0,-81.189,0.0083857,15,176.71,-26.316,-127.99,NaN,29.693,977.16,349.29,0.011535,0.0087203
2.2506,105.5,48.616,-51.661,59.739,56.751,-18.042,-23.086,29.3,-128.01,34.716,23.489,48.34,0.77976,9.8064,96.172,9.0941e-7,-258.96,-0.010945,15433,5204.1,7.6594,0.14602,164.22,175.44,-0.74759,0.15136,7753598,0,-0.038803,0.47489,-0.0013978,0.29598,0.055935,0.12298,26.686,4.0324,2.6865e-4,0,0,0,0,-82.43,0.0083012,15,176.71,-29.31,-127.99,NaN,29.692,977.13,349.29,0.011585,0.0087922
2.2622,106.06,48.035,-48.713,59.104,54.563,-18.288,-23.402,29.7,-128.01,34.437,24.58,48.34,0.77975,9.8064,99.493,9.1215e-7,-257.09,-0.011148,15433,5204.1,7.6594,0.14602,165.5,175.44,-0.6625,0.14918,7642032,0,-0.13213,0.47481,-0.0048995,0.296,0.05592,0.12289,26.34,6.5031,-6.1609e-5,0,0,0,0,-83.629,0.0082173,15,176.71,-32.3,-127.99,NaN,29.69,977.11,349.29,0.011669,0.0088534
2.2739,106.61,47.484,-45.651,58.486,52.211,-18.535,-23.717,30.101,-128.01,34.146,25.336,48.34,0.77975,9.8064,102.85,9.1197e-7,-254.4,-0.011456,15433,5204.1,7.6594,0.14602,166.93,175.44,-0.56717,0.14708,7534079,0,-0.30612,0.47473,-0.011679,0.29602,0.055905,0.12281,25.849,8.9351,2.4088e-4,0,0,0,0,-84.252,0.0081348,15,176.71,-35.285,-127.99,NaN,29.688,977.09,349.29,0.011792,0.008904
2.2856,107.17,46.964,-42.526,57.888,49.718,-18.782,-24.033,30.501,-128.01,33.844,25.756,48.34,0.77975,9.8064,106.23,9.13e-7,-250.94,-0.011856,15433,5204.1,7.6594,0.14602,168.52,175.44,-0.46095,0.14505,7429902,0,-0.57654,0.47466,-0.022617,0.29603,0.055891,0.12274,25.214,11.313,-2.9394e-4,0,0,0,0,-84.286,0.0080539,15,176.71,-38.265,-127.99,NaN,29.687,977.07,349.29,0.011955,0.0089521
2.2976,107.73,46.474,-39.387,57.31,47.111,-19.03,-24.35,30.904,-128.01,33.535,25.847,48.34,0.77974,9.8064,109.65,9.0369e-7,-246.73,-0.012204,15433,5204.1,7.6594,0.14602,170.29,175.44,-0.34315,0.14309,7329633,0,-0.95336,0.47459,-0.03843,0.29605,0.055878,0.12266,24.441,13.611,3.443e-4,0,0,0,0,-83.727,0.007975,15,176.71,-41.241,-127.99,NaN,29.685,977.05,349.29,0.010557,0.0090003
2.3082,108.22,46.072,-36.903,56.824,45.075,-19.247,-24.628,31.257,-128.01,33.262,25.883,48.34,0.77974,9.8064,112.32,8.9818e-7,-242.57,-0.012812,15433,5204.1,7.6594,0.14602,171.78,175.44,-0.24359,0.14177,7261853,0,-1.3238,0.47454,-0.054361,0.29606,0.055869,0.12261,23.752,14.876,-1.3975e-4,0,0,0,0,-82.44,0.0079079,15,176.71,-43.824,-127.99,NaN,29.683,977.03,349.29,0.0098412,0.0090684
2.318,108.67,45.72,-34.713,56.39,43.251,-19.448,-24.885,31.583,-128.01,33.008,25.801,48.34,0.77974,9.8064,114.69,9.0851e-7,-238.47,-0.013418,15433,5204.1,7.6594,0.14602,173.19,175.44,-0.14953,0.14069,7206289,0,-1.7079,0.47451,-0.071222,0.29607,0.055862,0.12257,23.083,15.828,2.9153e-4,0,0,0,0,-80.91,0.0078474,15,176.71,-46.191,-127.99,NaN,29.682,977.01,349.29,0.0093921,0.0091309
2.3274,109.1,45.403,-32.697,55.992,41.515,-19.638,-25.129,31.892,-128.01,32.766,25.582,48.34,0.77973,9.8063,116.91,9.1475e-7,-234.39,-0.014002,15433,5204.1,7.6594,0.14602,174.6,175.44,-0.05599,0.13971,7156035,0,-2.1153,0.47447,-0.089451,0.29608,0.055855,0.12254,22.407,16.692,-2.0502e-4,0,0,0,0,-79.265,0.0077916,15,176.71,-48.412,-127.99,NaN,29.681,976.99,349.29,0.0090312,0.0091789
2.3364,109.51,45.116,-30.836,55.625,39.86,-19.819,-25.361,32.187,-128.01,32.537,25.258,48.34,0.77973,9.8063,119.02,9.1192e-7,-230.32,-0.014555,15433,5204.1,7.6594,0.14602,175.99,175.44,0.037157,0.13882,7110235,0,-2.5402,0.47444,-0.10881,0.29609,0.05585,0.12251,21.731,17.472,-4.4694e-4,0,0,0,0,-77.525,0.0077398,15,176.71,-50.51,-127.99,NaN,29.679,976.98,349.28,0.0087397,0.0092272
2.3452,109.9,44.854,-29.117,55.284,38.279,-19.994,-25.584,32.47,-128.01,32.318,24.85,48.34,0.77973,9.8063,121.03,9.1614e-7,-226.26,-0.015151,15433,5204.1,7.6594,0.14602,177.39,175.44,0.13001,0.138,7068222,0,-2.9781,0.47441,-0.12908,0.29609,0.055844,0.12248,21.056,18.173,2.3129e-5,0,0,0,0,-75.709,0.0076915,15,176.71,-52.506,-127.99,NaN,29.678,976.96,349.28,0.0085028,0.0092771
2.3537,110.28,44.614,-27.504,54.967,36.731,-20.162,-25.8,32.744,-128.01,32.108,24.345,48.34,0.77973,9.8063,122.99,9.1171e-7,-222.21,-0.015741,15433,5204.1,7.6594,0.14602,178.81,175.44,0.22459,0.1372,7027554,0,-3.4335,0.47439,-0.15055,0.2961,0.055839,0.12245,20.371,18.891,2.1265e-6,0,0,0,0,-73.869,0.0076461,15,176.71,-54.412,-127.99,NaN,29.677,976.95,349.28,0.0082743,0.0093272
2.3619,110.65,44.392,-25.992,54.671,35.21,-20.326,-26.009,33.009,-128.01,31.909,23.751,48.34,0.77973,9.8063,124.92,9.1453e-7,-218.15,-0.016322,15433,5204.1,7.6594,0.14602,180.26,175.44,0.32127,0.13643,6987551,0,-3.9044,0.47436,-0.17317,0.29611,0.055834,0.12242,19.677,19.637,2.2949e-4,0,0,0,0,-72.013,0.0076037,15,176.71,-56.234,-127.99,NaN,29.676,976.93,349.28,0.0080515,0.0093933
2.37,111,44.189,-24.606,54.395,33.766,-20.483,-26.211,33.265,-128.01,31.721,23.123,48.34,0.77972,9.8063,126.77,9.1446e-7,-214.11,-0.016893,15433,5204.1,7.6594,0.14602,181.69,175.44,0.41715,0.1357,6950505,0,-4.3748,0.47434,-0.1961,0.29611,0.055829,0.12239,18.995,20.289,-4.9915e-4,0,0,0,0,-70.107,0.007564,15,176.71,-57.975,-127.99,NaN,29.675,976.92,349.28,0.0078759,0.009444
2.3779,111.35,44,-23.331,54.137,32.392,-20.637,-26.407,33.514,-128.01,31.541,22.47,48.34,0.77972,9.8063,128.54,9.107e-7,-210.07,-0.017508,15433,5204.1,7.6594,0.14602,183.12,175.44,0.51235,0.13503,6915991,0,-4.8424,0.47431,-0.21923,0.29612,0.055825,0.12237,18.327,20.858,-4.8485e-4,0,0,0,0,-68.162,0.0075267,15,176.71,-59.645,-127.99,NaN,29.674,976.9,349.28,0.0077376,0.0094946
2.3856,111.69,43.824,-22.157,53.895,31.082,-20.787,-26.599,33.757,-128.01,31.37,21.799,48.34,0.77972,9.8063,130.25,9.1508e-7,-206.04,-0.018154,15433,5204.1,7.6594,0.14602,184.54,175.44,0.60695,0.1344,6883672,0,-5.3053,0.47429,-0.24245,0.29612,0.055821,0.12235,17.673,21.353,-7.2092e-5,0,0,0,0,-66.189,0.0074915,15,176.71,-61.255,-127.99,NaN,29.673,976.89,349.28,0.0076296,0.0095456
2.3932,112.02,43.659,-21.074,53.665,29.833,-20.934,-26.787,33.996,-128.01,31.206,21.117,48.34,0.77972,9.8063,131.9,9.0885e-7,-202.02,-0.018852,15433,5204.1,7.6594,0.14602,185.95,175.44,0.70095,0.13381,6853274,0,-5.7617,0.47427,-0.26564,0.29613,0.055817,0.12233,17.033,21.779,3.3329e-4,0,0,0,0,-64.194,0.0074581,15,176.71,-62.812,-127.99,NaN,29.672,976.88,349.28,0.0075466,0.0096097
2.4008,112.35,43.504,-20.077,53.448,28.644,-21.078,-26.972,34.231,-128.01,31.049,20.431,48.34,0.77971,9.8063,133.5,9.0774e-7,-198,-0.019589,15433,5204.1,7.6594,0.14602,187.35,175.44,0.79412,0.13325,6824742,0,-6.2089,0.47425,-0.28866,0.29613,0.055814,0.12231,16.409,22.134,1.4752e-4,0,0,0,0,-62.182,0.0074264,15,176.71,-64.321,-127.98,NaN,29.671,976.86,349.28,0.0074877,0.0096598
2.4083,112.68,43.357,-19.167,53.241,27.533,-21.221,-27.155,34.463,-128.01,30.899,19.766,48.34,0.77971,9.8063,135.03,9.0569e-7,-194,-0.020359,15433,5204.1,7.6594,0.14602,188.71,175.44,0.88477,0.13275,6799126,0,-6.6391,0.47424,-0.31099,0.29614,0.055811,0.12229,15.812,22.363,-3.8353e-4,0,0,0,0,-60.141,0.0073962,15,176.71,-65.789,-127.98,NaN,29.67,976.85,349.28,0.0074669,0.0097257
2.4157,113,43.217,-18.323,53.043,26.469,-21.363,-27.336,34.693,-128.01,30.754,19.101,48.34,0.77971,9.8063,136.51,9.0921e-7,-189.99,-0.021083,15433,5204.1,7.6594,0.14602,190.06,175.44,0.97492,0.13228,6774744,0,-7.0597,0.47422,-0.33307,0.29614,0.055808,0.12227,15.228,22.548,4.1991e-4,0,0,0,0,-58.1,0.0073672,15,176.71,-67.222,-127.98,NaN,29.669,976.84,349.28,0.0074591,0.0098066
2.4232,113.32,43.084,-17.543,52.853,25.449,-21.504,-27.516,34.922,-128.01,30.614,18.437,48.34,0.77971,9.8063,137.97,9.1029e-7,-185.99,-0.021923,15433,5204.1,7.6594,0.14602,191.4,175.44,1.0645,0.13183,6751482,0,-7.469,0.47421,-0.35482,0.29614,0.055805,0.12226,14.659,22.691,-4.0478e-4,0,0,0,0,-56.063,0.0073393,15,176.71,-68.625,-127.98,NaN,29.668,976.83,349.28,0.0074633,0.0098702
2.4307,113.64,42.955,-16.82,52.67,24.474,-21.644,-27.696,35.15,-128.01,30.479,17.778,48.34,0.77971,9.8063,139.39,9.1002e-7,-182,-0.022783,15433,5204.1,7.6594,0.14602,192.74,175.44,1.1534,0.13139,6729236,0,-7.8656,0.47419,-0.37613,0.29615,0.055802,0.12224,14.104,22.794,-2.4689e-4,0,0,0,0,-54.035,0.0073125,15,176.71,-69.998,-127.98,NaN,29.667,976.81,349.28,0.0074788,0.0099724
2.4381,113.97,42.832,-16.153,52.494,23.542,-21.784,-27.875,35.378,-128.01,30.348,17.126,48.34,0.77971,9.8063,140.78,9.1215e-7,-178,-0.023672,15433,5204.1,7.6594,0.14602,194.06,175.44,1.2414,0.13098,6707916,0,-8.2483,0.47418,-0.39694,0.29615,0.0558,0.12223,13.563,22.858,-1.9192e-4,0,0,0,0,-52.018,0.0072866,15,176.71,-71.344,-127.98,NaN,29.666,976.8,349.28,0.0075051,0.010024
2.4456,114.29,42.713,-15.536,52.324,22.651,-21.924,-28.054,35.605,-128.01,30.222,16.483,48.34,0.7797,9.8063,142.14,9.0475e-7,-174.01,-0.024602,15433,5204.1,7.6594,0.14602,195.37,175.44,1.3286,0.13058,6687436,0,-8.6158,0.47417,-0.41717,0.29615,0.055797,0.12222,13.038,22.887,-3.0377e-4,0,0,0,0,-50.016,0.0072616,15,176.71,-72.665,-127.98,NaN,29.665,976.79,349.28,0.0075418,0.010076
2.4532,114.61,42.598,-14.973,52.16,21.819,-22.064,-28.233,35.832,-128.01,30.1,15.871,48.34,0.7797,9.8063,143.45,9.0403e-7,-170.03,-0.025616,15433,5204.1,7.6594,0.14602,196.63,175.44,1.4129,0.13022,6668887,0,-8.9621,0.47415,-0.43635,0.29616,0.055795,0.1222,12.538,22.825,-1.9692e-4,0,0,0,0,-48.016,0.0072375,15,176.71,-73.962,-127.98,NaN,29.664,976.78,349.28,0.0076042,0.010134
2.4608,114.93,42.486,-14.458,52,21.046,-22.205,-28.413,36.061,-128.01,29.982,15.294,48.34,0.7797,9.8063,144.7,9.0358e-7,-166.05,-0.026671,15433,5204.1,7.6594,0.14602,197.85,175.44,1.4939,0.1299,6652587,0,-9.286,0.47414,-0.45434,0.29616,0.055793,0.12219,12.067,22.666,7.4111e-5,0,0,0,0,-46.02,0.007214,15,176.71,-75.24,-127.98,NaN,29.663,976.76,349.27,0.0076952,0.010201
2.4685,115.26,42.377,-13.98,51.844,20.307,-22.347,-28.595,36.291,-128.01,29.866,14.728,48.34,0.7797,9.8063,145.93,9.0314e-7,-162.08,-0.027839,15433,5204.1,7.6594,0.14602,199.05,175.44,1.5739,0.12959,6636845,0,-9.5944,0.47413,-0.47165,0.29616,0.055791,0.12218,11.609,22.488,3.0577e-5,0,0,0,0,-44.05,0.0071911,15,176.71,-76.502,-127.98,NaN,29.662,976.75,349.27,0.0077929,0.010251
2.4763,115.59,42.27,-13.539,51.691,19.6,-22.49,-28.778,36.523,-128.01,29.753,14.173,48.34,0.7797,9.8063,147.14,9.0688e-7,-158.1,-0.02903,15433,5204.1,7.6594,0.14602,200.23,175.44,1.6529,0.1293,6621622,0,-9.8861,0.47413,-0.48823,0.29616,0.055789,0.12217,11.164,22.292,1.6336e-4,0,0,0,0,-42.109,0.0071687,15,176.71,-77.75,-127.98,NaN,29.661,976.74,349.27,0.0078975,0.010349
2.4842,115.92,42.164,-13.13,51.542,18.926,-22.634,-28.963,36.758,-128.01,29.644,13.631,48.34,0.77969,9.8063,148.33,9.0543e-7,-154.13,-0.030231,15433,5204.1,7.6594,0.14602,201.4,175.44,1.7306,0.12901,6606884,0,-10.16,0.47412,-0.504,0.29616,0.055788,0.12216,10.734,22.079,4.2747e-4,0,0,0,0,-40.198,0.0071468,15,176.71,-78.983,-127.98,NaN,29.66,976.72,349.27,0.0080094,0.010444
2.4922,116.26,42.061,-12.753,51.396,18.285,-22.78,-29.149,36.995,-128.01,29.537,13.103,48.34,0.77969,9.8063,149.5,9.0273e-7,-150.16,-0.031602,15433,5204.1,7.6594,0.14602,202.54,175.44,1.8069,0.12873,6592593,0,-10.416,0.47411,-0.51892,0.29617,0.055786,0.12215,10.317,21.848,-1.9018e-4,0,0,0,0,-38.319,0.0071254,15,176.71,-80.201,-127.97,NaN,29.659,976.71,349.27,0.0081291,0.010494
2.5003,116.6,41.959,-12.406,51.252,17.672,-22.928,-29.338,37.234,-128.01,29.432,12.586,48.34,0.77969,9.8063,150.66,9.0147e-7,-146.19,-0.033004,15433,5204.1,7.6594,0.14602,203.67,175.44,1.882,0.12846,6578457,0,-10.652,0.4741,-0.53299,0.29617,0.055784,0.12215,9.9138,21.612,1.9296e-4,0,0,0,0,-36.475,0.0071044,15,176.71,-81.406,-127.97,NaN,29.658,976.7,349.27,0.0082533,0.010544
2.5086,116.95,41.858,-12.075,51.111,17.021,-23.077,-29.529,37.477,-128.01,29.331,11.996,48.34,0.77969,9.8063,151.95,9.0009e-7,-142.2,-0.034573,15433,5204.1,7.6594,0.14602,204.92,175.44,1.9652,0.12806,6558194,0,-10.88,0.47409,-0.54775,0.29617,0.055782,0.12213,9.4745,21.619,-1.2534e-5,0,0,0,0,-34.725,0.0070838,15,176.71,-82.596,-127.97,NaN,29.657,976.68,349.27,0.0083014,0.010594
2.5169,117.29,41.759,-11.778,50.974,16.415,-23.227,-29.721,37.72,-128.01,29.234,11.434,48.34,0.77969,9.8063,153.22,9.0586e-7,-138.22,-0.036236,15433,5204.1,7.6594,0.14602,206.12,175.44,2.0457,0.12768,6538438,0,-11.079,0.47407,-0.56114,0.29617,0.055779,0.12212,9.0563,21.583,2.5555e-4,0,0,0,0,-33.004,0.0070639,15,176.71,-83.76,-127.96,NaN,29.656,976.67,349.27,0.0083657,0.010643
2.5252,117.64,41.661,-11.51,50.841,15.85,-23.377,-29.913,37.964,-128.01,29.14,10.898,48.34,0.77968,9.8063,154.45,9.0084e-7,-134.23,-0.038013,15433,5204.1,7.6594,0.14602,207.29,175.44,2.1236,0.1273,6519108,0,-11.249,0.47406,-0.57313,0.29618,0.055777,0.12211,8.6585,21.507,2.9864e-4,0,0,0,0,-31.314,0.0070446,15,176.71,-84.899,-127.96,NaN,29.654,976.66,349.27,0.0084452,0.010693
2.5337,117.99,41.565,-11.268,50.711,15.326,-23.528,-30.107,38.21,-128.01,29.05,10.388,48.34,0.77968,9.8063,155.66,8.9783e-7,-130.26,-0.039975,15433,5204.1,7.6594,0.14602,208.42,175.44,2.1987,0.12693,6500135,0,-11.39,0.47405,-0.58369,0.29618,0.055775,0.12209,8.2805,21.393,-6.8462e-5,0,0,0,0,-29.657,0.0070258,15,176.71,-86.016,-127.95,NaN,29.653,976.64,349.27,0.0085398,0.010743
2.5422,118.35,41.47,-11.051,50.583,14.839,-23.681,-30.302,38.458,-128.01,28.964,9.9029,48.34,0.77968,9.8063,156.84,8.9927e-7,-126.28,-0.042051,15433,5204.1,7.6594,0.14602,209.5,175.44,2.2711,0.12657,6481451,0,-11.501,0.47404,-0.59281,0.29618,0.055773,0.12208,7.9216,21.247,-8.4231e-5,0,0,0,0,-28.035,0.0070074,15,176.71,-87.112,-127.94,NaN,29.652,976.63,349.27,0.0086481,0.010793
2.5509,118.71,41.375,-10.855,50.457,14.39,-23.835,-30.499,38.708,-128.01,28.88,9.4474,48.34,0.77968,9.8063,157.99,8.9684e-7,-122.31,-0.044323,15433,5204.1,7.6594,0.14602,210.54,175.44,2.3403,0.12622,6463379,0,-11.584,0.47403,-0.6004,0.29619,0.055771,0.12207,7.5842,21.057,2.7492e-4,0,0,0,0,-26.446,0.0069894,15,176.71,-88.186,-127.91,NaN,29.651,976.61,349.27,0.0087748,0.010843
2.5596,119.07,41.281,-10.679,50.334,14,-23.991,-30.699,38.961,-128.01,28.799,9.0538,48.34,0.77968,9.8063,159.04,8.9692e-7,-118.35,-0.046642,15433,5204.1,7.6594,0.14602,211.46,175.44,2.4018,0.12594,6448914,0,-11.642,0.47402,-0.60613,0.29619,0.055769,0.12206,7.2877,20.723,4.644e-4,0,0,0,0,-24.872,0.0069718,15,176.71,-89.242,-127.8,NaN,29.65,976.6,349.27,0.0089562,0.010896
2.5686,119.44,41.186,-10.518,50.21,13.637,-24.149,-30.901,39.218,-128.01,28.72,8.6791,48.34,0.77967,9.8063,160.07,8.9423e-7,-114.39,-0.049236,15433,5204.1,7.6594,0.14602,212.35,175.44,2.461,0.12566,6434532,0,-11.675,0.47401,-0.61058,0.29619,0.055767,0.12205,7.0062,20.378,-3.8138e-4,0,0,0,0,-23.34,0.0069542,15,176.71,-89.716,51.511,NaN,29.649,976.58,349.27,0.0091487,0.010946
2.5777,119.81,41.09,-10.371,50.087,13.298,-24.311,-31.108,39.481,-128.01,28.642,8.323,48.34,0.77967,9.8063,161.09,8.8907e-7,-110.43,-0.052041,15433,5204.1,7.6594,0.14602,213.2,175.44,2.5178,0.12538,6420205,0,-11.684,0.474,-0.61375,0.29619,0.055766,0.12204,6.7395,20.022,3.4778e-4,0,0,0,0,-21.85,0.0069369,15,176.71,-88.687,51.906,NaN,29.648,976.57,349.27,0.0093526,0.010995
2.5871,120.2,40.994,-10.237,49.965,12.983,-24.475,-31.319,39.748,-128.01,28.566,7.9854,48.34,0.77967,9.8063,162.08,8.9121e-7,-106.48,-0.055058,15433,5204.1,7.6594,0.14602,214.02,175.44,2.5722,0.1251,6405905,0,-11.667,0.47399,-0.61561,0.29619,0.055764,0.12203,6.4873,19.658,-1.9265e-4,0,0,0,0,-20.404,0.0069196,15,176.71,-87.673,51.954,NaN,29.647,976.55,349.26,0.0095682,0.011045
2.5967,120.59,40.896,-10.113,49.842,12.69,-24.644,-31.534,40.021,-128.01,28.491,7.6661,48.34,0.77967,9.8063,163.06,8.8929e-7,-102.53,-0.05844,15433,5204.1,7.6594,0.14602,214.8,175.44,2.624,0.12482,6391605,0,-11.626,0.47398,-0.61617,0.2962,0.055762,0.12203,6.2497,19.287,1.2732e-5,0,0,0,0,-19.001,0.0069023,15,176.71,-86.673,51.973,NaN,29.645,976.54,349.26,0.0097959,0.011099
2.6065,120.99,40.798,-9.9994,49.719,12.416,-24.815,-31.754,40.3,-128.01,28.417,7.3603,48.34,0.77966,9.8063,164.03,8.9153e-7,-98.573,-0.062123,15433,5204.1,7.6594,0.14602,215.55,175.44,2.6739,0.12454,6376799,0,-11.544,0.47398,-0.61468,0.2962,0.055761,0.12202,6.0236,18.923,-3.7839e-4,0,0,0,0,-17.646,0.0068851,15,176.71,-85.688,51.984,NaN,29.644,976.52,349.26,0.010031,0.011149
2.6165,121.4,40.698,-9.8936,49.596,12.16,-24.991,-31.978,40.585,-128.01,28.345,7.0703,48.34,0.77966,9.8063,164.98,8.9387e-7,-94.621,-0.06627,15433,5204.1,7.6594,0.14602,216.26,175.44,2.7215,0.12424,6361688,0,-11.417,0.47397,-0.61081,0.2962,0.055759,0.12201,5.8105,18.559,-3.43e-4,0,0,0,0,-16.336,0.006868,15,176.71,-84.719,51.99,NaN,29.643,976.51,349.26,0.010276,0.011217
2.6268,121.82,40.597,-9.7952,49.472,11.923,-25.17,-32.207,40.876,-128.01,28.274,6.7981,48.34,0.77966,9.8063,165.92,8.9424e-7,-90.67,-0.070838,15433,5204.1,7.6594,0.14602,216.93,175.44,2.7664,0.12395,6346499,0,-11.255,0.47396,-0.60503,0.2962,0.055757,0.122,5.6117,18.189,-1.0677e-4,0,0,0,0,-15.072,0.0068508,15,176.71,-83.767,51.995,NaN,29.642,976.49,349.26,0.010535,0.011297
2.6373,122.24,40.494,-9.7039,49.348,11.704,-25.353,-32.442,41.173,-128.01,28.203,6.5432,48.34,0.77966,9.8063,166.83,8.9597e-7,-86.721,-0.075957,15433,5204.1,7.6594,0.14602,217.57,175.44,2.8086,0.12365,6331208,0,-11.066,0.47395,-0.59773,0.2962,0.055756,0.12199,5.4268,17.814,-1.2205e-4,0,0,0,0,-13.854,0.0068336,15,176.71,-82.833,51.999,NaN,29.64,976.47,349.26,0.010809,0.011362
2.6481,122.68,40.39,-9.619,49.223,11.501,-25.54,-32.681,41.478,-128.01,28.134,6.305,48.34,0.77965,9.8063,167.72,8.9852e-7,-82.773,-0.081695,15433,5204.1,7.6594,0.14602,218.16,175.44,2.8482,0.12335,6315786,0,-10.857,0.47394,-0.5893,0.29621,0.055754,0.12198,5.2555,17.436,-1.8762e-4,0,0,0,0,-12.683,0.0068164,15,176.71,-81.917,52.002,NaN,29.639,976.46,349.26,0.011098,0.011427
2.6592,123.13,40.284,-9.5409,49.096,11.31,-25.732,-32.927,41.789,-128.01,28.065,6.0739,48.34,0.77965,9.8063,168.62,8.9739e-7,-78.824,-0.088174,15433,5204.1,7.6594,0.14602,218.74,175.44,2.8866,0.12302,6298899,0,-10.623,0.47393,-0.57972,0.29621,0.055752,0.12197,5.0917,17.087,-2.3715e-4,0,0,0,0,-11.563,0.0067991,15,176.71,-81.021,52.005,NaN,29.638,976.44,349.26,0.011385,0.011512
2.6706,123.59,40.175,-9.4688,48.968,11.134,-25.929,-33.179,42.109,-128.01,27.997,5.8576,48.34,0.77965,9.8063,169.51,8.858e-7,-74.876,-0.095583,15433,5204.1,7.6594,0.14602,219.27,175.44,2.9224,0.12268,6281547,0,-10.38,0.47392,-0.56953,0.29621,0.05575,0.12196,4.9403,16.74,-7.3982e-5,0,0,0,0,-10.491,0.0067816,15,176.71,-80.146,52.007,NaN,29.636,976.42,349.26,0.011685,0.011593
2.6823,124.06,40.065,-9.4022,48.84,10.973,-26.13,-33.436,42.435,-128.01,27.93,5.6577,48.34,0.77965,9.8063,170.37,8.8731e-7,-70.929,-0.10413,15433,5204.1,7.6594,0.14602,219.77,175.44,2.9556,0.12234,6263973,0,-10.133,0.47391,-0.55913,0.29621,0.055748,0.12195,4.8022,16.391,-7.9441e-5,0,0,0,0,-9.467,0.0067641,15,176.71,-79.294,52.01,NaN,29.635,976.4,349.26,0.012001,0.011675
2.6943,124.54,39.953,-9.3406,48.709,10.826,-26.336,-33.7,42.77,-128.01,27.863,5.4734,48.34,0.77964,9.8063,171.2,8.8557e-7,-66.983,-0.11387,15433,5204.1,7.6594,0.14602,220.23,175.44,2.9861,0.122,6246148,0,-9.8887,0.4739,-0.54876,0.29622,0.055746,0.12193,4.6769,16.041,3.2784e-4,0,0,0,0,-8.491,0.0067464,15,176.71,-78.467,52.012,NaN,29.633,976.38,349.26,0.012333,0.011738
2.7066,125.03,39.838,-9.2839,48.577,10.692,-26.548,-33.97,43.113,-128.01,27.797,5.3027,48.34,0.77964,9.8063,172.01,8.8373e-7,-63.037,-0.1252,15433,5204.1,7.6594,0.14602,220.65,175.44,3.0142,0.12164,6227847,0,-9.6491,0.47389,-0.53862,0.29622,0.055744,0.12192,4.563,15.697,-4.5382e-5,0,0,0,0,-7.5644,0.0067286,15,176.71,-77.665,52.014,NaN,29.632,976.36,349.26,0.012677,0.011812
2.7193,125.53,39.72,-9.2317,48.443,10.569,-26.764,-34.248,43.465,-128.01,27.731,5.1455,48.34,0.77964,9.8063,172.79,8.8432e-7,-59.093,-0.13851,15433,5204.1,7.6594,0.14602,221.04,175.44,3.0399,0.12128,6209062,0,-9.418,0.47388,-0.5289,0.29622,0.055742,0.12191,4.4604,15.359,-4.6014e-4,0,0,0,0,-6.6874,0.0067105,15,176.71,-76.891,52.016,NaN,29.63,976.34,349.25,0.013035,0.011897
2.7323,126.05,39.6,-9.1838,48.307,10.458,-26.987,-34.532,43.826,-128.01,27.665,5.0018,48.34,0.77963,9.8063,173.54,8.8361e-7,-55.149,-0.15401,15433,5204.1,7.6594,0.14602,221.38,175.44,3.0632,0.1209,6189937,0,-9.1995,0.47386,-0.51982,0.29622,0.05574,0.1219,4.369,15.025,-1.2143e-4,0,0,0,0,-5.8604,0.0066923,15,176.71,-76.146,52.019,NaN,29.629,976.32,349.25,0.013406,0.01196
2.7457,126.58,39.478,-9.1398,48.168,10.357,-27.215,-34.824,44.197,-128.01,27.598,4.8708,48.34,0.77963,9.8063,174.26,8.7948e-7,-51.205,-0.17239,15433,5204.1,7.6594,0.14602,221.7,175.44,3.0841,0.12052,6170445,0,-8.9958,0.47385,-0.51152,0.29623,0.055738,0.12189,4.2882,14.698,-4.1412e-4,0,0,0,0,-5.0841,0.0066737,15,176.71,-75.434,52.022,NaN,29.627,976.3,349.25,0.013792,0.012041
2.7595,127.12,39.352,-9.1061,48.027,10.253,-27.449,-35.123,44.577,-128.01,27.532,4.7111,48.34,0.77963,9.8063,175.18,8.7805e-7,-47.251,-0.20034,15433,5204.1,7.6594,0.14602,222.07,175.44,3.1091,0.11995,6141147,0,-8.7382,0.47384,-0.50162,0.29623,0.055734,0.12187,4.1941,14.53,-2.2216e-5,0,0,0,0,-4.3705,0.0066549,15,176.71,-74.755,52.025,NaN,29.625,976.28,349.25,0.014084,0.012122
2.7736,127.68,39.224,-9.0792,47.885,10.156,-27.687,-35.429,44.964,-128.01,27.467,4.5521,48.34,0.77963,9.8063,176.18,8.745e-7,-43.288,-0.24235,15433,5204.1,7.6594,0.14602,222.44,175.44,3.1337,0.11929,6107297,0,-8.4791,0.47382,-0.49215,0.29624,0.055731,0.12185,4.1044,14.417,-2.2131e-4,0,0,0,0,-3.7088,0.006636,15,176.71,-74.117,52.028,NaN,29.624,976.26,349.25,0.014352,0.012199
2.788,128.24,39.094,-9.0559,47.741,10.074,-27.93,-35.739,45.358,-128.01,27.403,4.4125,48.34,0.77962,9.8063,177.13,8.7664e-7,-39.327,-0.30673,15433,5204.1,7.6594,0.14602,222.76,175.44,3.1551,0.11863,6073205,0,-8.2552,0.4738,-0.48455,0.29624,0.055727,0.12183,4.0299,14.293,6.4834e-4,0,0,0,0,-3.0955,0.0066171,15,176.71,-73.525,52.032,NaN,29.622,976.24,349.25,0.01464,0.012278
2.8026,128.81,38.961,-9.034,47.596,10.006,-28.177,-36.055,45.759,-128.01,27.339,4.3018,48.34,0.77962,9.8063,177.96,8.6122e-7,-35.368,-0.40622,15433,5204.1,7.6594,0.14602,223.01,175.44,3.1715,0.11803,6042391,0,-8.0855,0.47378,-0.47944,0.29625,0.055724,0.12181,3.9753,14.115,7.4227e-4,0,0,0,0,-2.5292,0.0065979,15,176.71,-72.978,52.037,NaN,29.62,976.22,349.25,0.014976,0.012357
2.8176,129.39,38.826,-9.0048,47.449,9.9593,-28.428,-36.377,46.168,-128.01,27.275,4.2544,48.34,0.77962,9.8063,178.28,8.4424e-7,-31.431,-0.4838,15433,5204.1,7.6594,0.14602,223.1,175.44,3.1774,0.11775,6027986,0,-8.0205,0.47377,-0.47786,0.29625,0.055722,0.1218,3.9564,13.736,6.2691e-4,0,0,0,0,-2.0069,0.0065786,15,176.71,-72.478,52.044,NaN,29.619,976.19,349.25,0.015463,0.012421
2.833,129.99,38.687,-8.9789,47.297,9.9176,-28.688,-36.709,46.589,-128.01,27.209,4.2116,48.34,0.77961,9.8063,178.54,8.1975e-7,-27.49,-0.57745,15433,5204.1,7.6594,0.14602,223.17,175.44,3.1822,0.11747,6013270,0,-7.9624,0.47376,-0.47671,0.29625,0.05572,0.12179,3.9416,13.388,8.1648e-4,0,0,0,0,-1.5428,0.0065587,15,176.71,-72.022,52.052,NaN,29.617,976.17,349.25,0.015942,0.012472
2.849,130.61,38.544,-8.9563,47.142,9.8808,-28.954,-37.05,47.022,-128.01,27.143,4.1732,48.34,0.77961,9.8063,178.75,7.8e-7,-23.546,-0.68593,15433,5204.1,7.6594,0.14602,223.22,175.44,3.1858,0.11717,5998252,0,-7.9097,0.47375,-0.47593,0.29625,0.055719,0.12178,3.9306,13.071,0.0010546,0,0,0,0,-1.1374,0.0065383,15,176.71,-71.616,52.064,NaN,29.615,976.14,349.25,0.01641,0.012523
2.8654,131.24,38.397,-8.9392,46.983,9.8475,-29.228,-37.401,47.467,-128.01,27.075,4.1308,48.34,0.7796,9.8063,178.98,7.1224e-7,-19.592,-0.83843,15433,5204.1,7.6594,0.14602,223.28,175.44,3.1896,0.11682,5.98e6,0,-7.8497,0.47374,-0.47521,0.29625,0.055717,0.12177,3.9192,12.821,0.0013679,0,0,0,0,-0.79227,0.0065174,15,176.71,-71.262,52.078,NaN,29.613,976.12,349.24,0.016832,0.012574
2.8822,131.88,38.247,-8.9261,46.82,9.8194,-29.509,-37.759,47.922,-128.01,27.005,4.0921,48.34,0.7796,9.8063,179.15,5.793e-7,-15.629,-1.012,15433,5204.1,7.6594,0.14602,223.32,175.44,3.1924,0.11645,5961146,0,-7.7929,0.47373,-0.47475,0.29626,0.055715,0.12176,3.9111,12.607,0.0026183,0,0,0,0,-0.50738,0.0064961,15,176.71,-70.965,52.098,NaN,29.611,976.09,349.24,0.017226,0.012625
2.8995,132.54,38.093,-8.9173,46.654,9.7969,-29.795,-38.126,48.387,-128.01,26.935,4.0574,48.34,0.7796,9.8063,179.26,3.8435e-7,-11.658,-1.181,15433,5204.1,7.6594,0.14602,223.35,175.44,3.194,0.11608,5941956,0,-7.7389,0.47372,-0.47451,0.29626,0.055713,0.12175,3.9063,12.426,0.0029745,0,0,0,0,-0.28413,0.0064743,15,176.71,-70.729,52.126,NaN,29.609,976.07,349.24,0.017591,0.012675
2.917,133.21,37.936,-8.9247,46.485,9.7799,-30.086,-38.498,48.86,-128.01,26.865,3.9995,48.34,0.77959,9.8063,179.6,-6.4356e-7,-7.6048,-1.6927,15433,5204.1,7.6594,0.14602,223.42,175.44,3.1992,0.11548,5911113,0,-7.6497,0.47371,-0.47394,0.29626,0.055709,0.12173,3.8919,12.396,0.00629,0,0,0,0,-0.12216,0.0064523,15,176.71,-70.558,52.165,NaN,29.607,976.04,349.24,0.017817,0.012726
2.9349,133.88,37.777,-9.0041,46.315,9.8364,-30.38,-38.875,49.338,-128.01,26.795,3.9599,48.34,0.77959,9.8063,179.87,-8.7935e-6,-3.0548,-2.8793,15433,5204.1,7.6594,0.14602,223.48,175.44,3.2031,0.11487,5879606,0,-7.5648,0.47369,-0.47371,0.29627,0.055706,0.12172,3.8813,12.398,0.017522,0,0,0,0,-0.019923,0.0064304,15,176.71,-70.456,52.228,NaN,29.605,976.01,349.24,0.018006,0.012777
2.9529,134.56,37.599,-11.51,46.157,12.065,-30.676,-39.256,49.82,-128.01,26.773,3.6203,48.34,0.77958,9.8063,179.89,-1.2906e-4,3.8174,2.5607,15433,5204.1,7.6594,0.14602,223.49,175.44,3.2034,0.11421,5845681,0,-7.4774,0.47367,-0.47369,0.29627,0.055703,0.1217,3.8805,12.354,-0.014283,0,0,0,0,0.031473,0.0064126,15,176.71,-70.408,52.372,NaN,29.603,975.99,349.24,0.01828,0.012828
2.9711,135.25,37.388,-11.559,46.022,12.091,-30.977,-39.643,50.31,-128,26.836,3.5472,48.34,0.77958,9.8063,179.45,-1.4489e-4,7.1705,3.4447,15433,5204.1,7.6594,0.14602,223.39,175.44,3.1969,0.11331,5799830,0,-7.3669,0.47364,-0.47409,0.29628,0.055698,0.12167,3.8979,12.101,-0.026195,0,0,0,0,0.1128,0.006401,15,176.71,-70.323,52.6,NaN,29.601,975.96,349.24,0.018958,0.012882
2.9901,135.95,37.169,-11.554,45.883,12.074,-31.289,-40.045,50.819,-128,26.902,3.5059,48.34,0.77958,9.8063,178.9,-1.4523e-4,11.028,3.5786,15433,5204.1,7.6594,0.14602,223.26,175.44,3.1882,0.11239,5752527,0,-7.2664,0.47362,-0.47534,0.29628,0.055693,0.12164,3.9228,11.72,-0.028982,0,0,0,0,0.27123,0.006389,15,176.71,-70.162,52.869,NaN,29.598,975.93,349.24,0.019897,0.012934
3.01,136.69,36.939,-11.548,45.737,12.058,-31.618,-40.468,51.355,-128,26.97,3.4694,48.34,0.77957,9.8063,178.53,-1.4519e-4,15.004,3.2261,15433,5204.1,7.6594,0.14602,223.17,175.44,3.1819,0.11162,5713101,0,-7.1862,0.4736,-0.4766,0.29629,0.055689,0.12162,3.9415,11.328,-0.023828,0,0,0,0,0.50898,0.0063764,15,176.71,-69.916,53.178,NaN,29.596,975.9,349.23,0.020871,0.012985
3.0309,137.46,36.698,-11.543,45.584,12.043,-31.963,-40.914,51.919,-128,27.041,3.4345,48.34,0.77957,9.8063,178.37,-1.4465e-4,19.052,2.4252,15433,5204.1,7.6594,0.14602,223.12,175.44,3.179,0.11102,5682153,0,-7.1186,0.47358,-0.47727,0.29629,0.055686,0.1216,3.9504,10.936,-0.012944,0,0,0,0,0.82959,0.006363,15,176.71,-69.576,53.53,NaN,29.594,975.87,349.23,0.021856,0.013036
3.0527,138.26,36.446,-11.541,45.425,12.032,-32.325,-41.382,52.511,-127.99,27.113,3.4011,48.34,0.77956,9.8063,178.21,-1.4416e-4,23.04,1.334,15433,5204.1,7.6594,0.14602,223.08,175.44,3.1762,0.11046,5653355,0,-7.057,0.47357,-0.47796,0.2963,0.055683,0.12159,3.9593,10.47,-0.0038246,0,0,0,0,1.2256,0.0063489,15,176.71,-69.136,53.933,NaN,29.591,975.84,349.23,0.023062,0.013102
3.0758,139.1,36.18,-11.462,45.255,11.958,-32.708,-41.877,53.137,-127.99,27.184,3.4082,48.34,0.77956,9.8063,178.67,-1.4148e-4,26.703,-4.1489,15433,5204.1,7.6594,0.14602,223.2,175.44,3.1844,0.11041,5650714,0,-7.0221,0.47356,-0.47604,0.2963,0.055682,0.12158,3.9339,10.248,0.039912,0,0,0,0,1.6477,0.0063339,15,176.71,-68.584,54.404,NaN,29.589,975.81,349.23,0.023582,0.013152
3.0994,139.95,35.913,-11.214,45.078,11.748,-33.099,-42.386,53.779,-127.99,27.245,3.5008,48.34,0.77955,9.8063,178.94,-1.364e-4,27.593,-13.774,15433,5204.1,7.6594,0.14602,223.27,175.44,3.1889,0.1104,5.65e6,0,-7.0073,0.47356,-0.47515,0.2963,0.055682,0.12158,3.9203,10.25,0.43869,0,0,0,0,1.7598,0.0063177,15,176.71,-67.934,54.97,NaN,29.586,975.78,349.23,0.0071747,0.013202
3.1066,140.2,35.832,-139.08,45.023,147.72,-33.218,-42.541,53.974,-127.98,27.262,49.783,48.34,0.77955,9.8063,178.69,-1.3641e-4,30.456,-9.6561,15426,5196.9,7.6585,0.146,223.21,175.42,3.1856,0.11008,5633713,2129.2,-6.979,0.47355,-0.47597,0.2963,0.055681,0.12158,3.9331,9.7501,0.21672,0,0,0,0,2.1563,0.0063127,15,176.71,-67.721,55.166,NaN,29.585,975.77,349.23,0.010762,0.013308
3.1173,140.58,34.336,-289.71,43.51,311.08,-33.395,-42.772,54.265,-127.98,26.723,113.3,48.34,0.77955,9.8063,178.14,-1.3641e-4,33.099,-5.1247,15426,5196.9,7.6585,0.146,223.06,175.42,3.1758,0.10531,5389404,4617.3,-6.4165,0.47343,-0.47817,0.29633,0.055657,0.12144,3.9629,8.8819,0.066437,0,0,0,0,2.7829,0.0061174,15,176.71,-67.389,55.476,NaN,29.584,975.75,349.23,0.016143,0.013369
3.1335,141.1,29.691,-272.24,38.738,293.43,-33.65,-43.102,54.681,-127.98,24.88,109.49,48.34,0.77954,9.8063,176.95,-1.362e-4,35.137,-1.5281,15399,5170.3,7.6552,0.14595,222.7,175.37,3.1556,0.090675,4640389,4308.1,-4.8259,0.47307,-0.4851,0.29641,0.055589,0.12107,4.0395,6.884,0.0076874,0,0,0,0,4.2303,0.0054916,15,176.71,-66.866,55.957,NaN,29.583,975.73,349.23,0.024215,0.013435
3.1577,141.74,23.186,-252.89,32.106,274.31,-34,-43.552,55.251,-127.98,22.208,106.27,48.34,0.77954,9.8062,174.54,-1.3564e-4,36.23,0.90271,15350,5120.7,7.6489,0.14585,221.82,175.27,3.1028,0.070141,3589499,4054.3,-3.0186,0.47266,-0.50711,0.29651,0.055511,0.12064,4.2523,2.2973,-0.0042187,0,0,0,0,7.5163,0.0046077,15,176.71,-66.047,56.671,NaN,29.581,975.71,349.22,0.036322,0.013497
3.194,142.41,14.046,-244.97,23.033,268.51,-34.459,-44.126,55.987,-127.99,18.254,109.94,48.34,0.77953,9.8062,168.04,-1.3502e-4,35.678,2.3014,15279,5049.8,7.6399,0.14571,219.14,175.13,2.9339,0.041435,2120380,3948.3,-1.213,0.47227,-0.58399,0.29661,0.055436,0.12022,4.9057,-14.837,-0.086628,0,0,0,0,20.888,0.0033553,15,176.71,-64.801,57.67,NaN,29.579,975.68,349.22,0.05,0.013563
3.244,142.81,1.869,-235.62,12.769,261.85,-34.962,-44.713,56.759,-128.02,12.632,114.25,48.34,0.77953,9.8062,92.875,-1.3485e-4,33.291,4.5113,15182,4953.2,7.6275,0.14552,199.17,174.94,1.6154,0.010933,559488,3842.1,-2.4838e-5,0.55727,-1.7175e-4,0.38185,0.055398,0.12002,6.8707,-272.98,-4.7963,0,0,0,0,261.2,0.001727,15,176.71,-63.147,58.87,NaN,29.577,975.66,349.22,0.05,0.013655
3.294,142.61,-9.9028,-232.34,12.115,261.45,-35.315,-45.052,57.244,-128.09,6.9793,119.88,48.34,0.77952,9.8062,12.149,-1.3751e-4,31.286,1.9054,15075,4845.9,7.6136,0.1453,175.31,174.72,0.039488,0.037186,1902952,3811.5,0.9864,0.47523,0.5896,0.29963,0.055428,0.12018,3.7042,-19.796,-0.074199,0,0,0,0,19.942,9.5241e-4,15,176.71,-61.597,59.902,NaN,29.578,975.67,349.22,0.05,0.013742
3.344,141.83,-21.5,-229.33,21.676,261.44,-35.517,-45.131,57.431,-128.2,2.7491,125.54,48.34,0.77952,9.8062,4.0666,-1.3786e-4,29.717,0.61337,14975,4746.5,7.6005,0.1451,185.21,174.52,0.71284,0.074093,3791722,3790.3,3.2759,0.47273,0.4932,0.2965,0.055524,0.12071,1.0351,-3.7944,-0.0020892,0,0,0,0,4.5317,0.0022381,15,176.71,-60.136,60.797,NaN,29.58,975.7,349.22,0.05,0.013791
3.394,140.46,-32.939,-225.98,33.636,261.27,-35.565,-44.934,57.306,-128.36,6.8119,131.14,48.34,0.77952,9.8063,0.60564,-1.3954e-4,22.488,-17.583,14879,4650.6,7.5879,0.14491,190.95,174.32,1.109,0.11077,5668907,3769.2,7.0388,0.47357,0.4741,0.29629,0.055684,0.1216,0.14087,-1.0051,0.70992,0,0,0,0,1.161,0.0039334,15,176.71,-58.739,61.577,NaN,29.585,975.76,349.23,0.05,0.013839
3.444,138.54,-44.202,-222.37,46.151,260.97,-35.455,-44.448,56.857,-128.58,13.267,136.59,48.34,0.77952,9.8063,0.95035,-2.379e-4,-27.198,-7.1601,14784,4554.7,7.5751,0.14472,190.37,174.11,1.084,0.14874,7612357,3748,12.745,0.47479,0.47608,0.296,0.055917,0.12288,0.22344,1.1845,0.064838,0,0,0,0,-0.94197,0.0056976,15,176.71,-57.367,62.285,NaN,29.591,975.83,349.23,0.05,0.01389
3.494,136.05,-55.273,-218.26,58.846,260.53,-35.186,-43.658,56.072,-128.87,20.192,142.27,48.34,0.77952,9.8063,2.4005,-2.3339e-4,-25.625,-4.3769,14688,4458.7,7.5621,0.14453,187.95,173.91,0.9362,0.18573,9506078,3726.8,20.207,0.47633,0.48407,0.29564,0.056209,0.12448,0.58757,1.0861,0.01557,0,0,0,0,-0.53626,0.007492,15,176.71,-56.064,62.972,NaN,29.598,975.93,349.24,0.05,0.013952
3.544,133.01,-66.133,-214.07,71.601,259.96,-34.756,-42.549,54.94,-129.24,27.442,147.49,48.34,0.77953,9.8063,3.0898,-2.3132e-4,-22.907,-2.6509,14592,4362.8,7.5491,0.14434,186.91,173.7,0.8808,0.22348,1.144e7,3705.6,29.666,0.47824,0.49074,0.29518,0.056574,0.12649,0.77137,0.97562,0.0041085,0,0,0,0,-0.29595,0.0093057,15,176.71,-54.885,63.592,NaN,29.607,976.05,349.24,0.05,0.013999
3.594,129.44,-76.772,-209.35,84.365,259.29,-34.161,-41.108,53.449,-129.73,34.978,152.98,48.34,0.77954,9.8063,4.143,-2.2962e-4,-18.849,-3.2593,14496,4266.9,7.5359,0.14414,185.38,173.49,0.79253,0.2593,13273993,3685.9,40.848,0.48039,0.50189,0.29466,0.056984,0.12874,1.0644,0.99259,0.0044821,0,0,0,0,-0.14884,0.011133,15,176.71,-53.873,64.132,NaN,29.618,976.19,349.25,0.043416,0.014079
3.6374,125.91,-85.826,-205.94,95.434,258.83,-33.51,-39.576,51.857,-130.26,41.733,156.79,48.34,0.77955,9.8063,4.354,-2.2883e-4,-14.449,-2.8818,14406,4177.3,7.5235,0.14397,185.15,173.29,0.79051,0.29148,14923042,3669.2,52.07,0.48259,0.50621,0.29414,0.057404,0.13104,1.1268,0.95987,0.0025929,0,0,0,0,-0.069217,0.012728,15,176.71,-53.175,64.537,NaN,29.629,976.33,349.25,0.035465,0.014143
3.6729,122.74,-93.118,-203.83,104.47,258.49,-32.886,-38.125,50.349,-130.78,47.356,158.97,48.34,0.77956,9.8063,4.2023,-2.2827e-4,-10.22,-2.4667,14330,4101.6,7.5129,0.14381,185.45,173.12,0.82191,0.31835,1.63e7,3655.1,62.202,0.48462,0.50688,0.29365,0.057793,0.13318,1.0857,0.92096,0.0021317,0,0,0,0,-0.029031,0.014034,15,176.71,-52.76,64.819,NaN,29.639,976.45,349.26,0.03094,0.014222
3.7038,119.76,-99.423,-202.45,112.34,258.08,-32.273,-36.71,48.879,-131.32,52.308,160.06,48.34,0.77956,9.8063,3.9424,-2.2759e-4,-6.0668,-2.1926,14267,4037.9,7.5039,0.14369,185.91,172.98,0.86228,0.34192,17508214,3642.6,71.702,0.48655,0.50646,0.29319,0.058164,0.1352,1.014,0.88313,0.0010337,0,0,0,0,-0.0088672,0.015174,15,176.71,-52.527,65.02,NaN,29.648,976.57,349.27,0.027934,0.014284
3.7317,116.9,-105.08,-201.51,119.45,257.66,-31.666,-35.313,47.431,-131.88,56.801,160.56,48.34,0.77957,9.8063,3.711,-2.275e-4,-1.9059,-2.1202,14210,3981.4,7.4959,0.14357,186.33,172.85,0.89881,0.36279,18578507,3631.3,80.703,0.48838,0.50627,0.29275,0.058514,0.13711,0.95076,0.85493,0.0012781,0,0,0,0,-7.773e-4,0.016203,15,176.71,-52.431,65.158,NaN,29.657,976.68,349.27,0.0256,0.014349
3.7573,114.14,-110.25,-201.04,125.96,257.24,-31.064,-33.931,46.003,-132.47,60.922,160.48,48.34,0.77958,9.8063,3.4589,-2.2708e-4,2.2223,-2.1185,14159,3930.1,7.4886,0.14347,186.78,172.73,0.93683,0.38169,19547708,3620.8,89.275,0.49012,0.50591,0.29234,0.058849,0.13894,0.8822,0.82511,5.9242e-4,0,0,0,0,9.5473e-4,0.017145,15,176.71,-52.448,65.243,NaN,29.665,976.79,349.28,0.023937,0.014398
3.7813,111.45,-115.07,-200.87,132.04,256.82,-30.463,-32.552,44.583,-133.1,64.769,160.02,48.34,0.77959,9.8063,3.2334,-2.268e-4,6.3478,-2.1092,14111,3882.6,7.4818,0.14338,187.19,172.62,0.97167,0.39886,20428676,3610.9,97.473,0.49179,0.50577,0.29194,0.059169,0.14068,0.82145,0.79125,5.2907e-4,0,0,0,0,0.0071331,0.018024,15,176.71,-52.559,65.282,NaN,29.673,976.9,349.28,0.022835,0.014446
3.8041,108.77,-119.67,-201.22,137.85,256.38,-29.855,-31.158,43.153,-133.78,68.42,158.87,48.34,0.7796,9.8064,2.9169,-2.2671e-4,10.379,-2.1364,14067,3837.7,7.4753,0.14329,187.75,172.51,1.016,0.41534,21274594,3601.3,105.55,0.49346,0.50504,0.29154,0.05949,0.14243,0.73644,0.73038,3.3383e-4,0,0,0,0,0.017584,0.018861,15,176.71,-52.756,65.282,NaN,29.682,977.01,349.29,0.022791,0.014493
3.8269,105.99,-124.28,-202.29,143.64,255.88,-29.216,-29.691,41.655,-134.54,72.026,156.69,48.34,0.7796,9.8064,2.4342,-2.2688e-4,14.205,-2.4704,14023,3793.9,7.469,0.1432,188.59,172.41,1.0789,0.43236,22148110,3591.3,114.05,0.49525,0.50352,0.29111,0.059835,0.1443,0.60825,0.626,9.4546e-4,0,0,0,0,0.030396,0.019694,15,176.71,-53.041,65.244,NaN,29.69,977.12,349.29,0.024516,0.014541
3.8514,102.88,-129.27,-203.89,149.87,255.25,-28.491,-28.03,39.967,-135.47,75.84,153.56,48.34,0.77961,9.8064,1.8663,-2.2657e-4,17.817,-3.1444,13977,3748.6,7.4624,0.14311,189.6,172.3,1.1535,0.45065,23086894,3579.9,123.61,0.49726,0.50226,0.29063,0.060222,0.1464,0.46057,0.48703,0.0010126,0,0,0,0,0.044017,0.020586,15,176.71,-53.437,65.16,NaN,29.7,977.24,349.3,0.028976,0.014603
3.8804,99.048,-135.22,-206.28,157.24,254.4,-27.585,-25.957,37.878,-136.74,80.236,148.89,48.34,0.77963,9.8064,1.153,-2.2571e-4,20.805,-5.0611,13926,3697.2,7.4549,0.14301,190.91,172.18,1.2488,0.47227,24196832,3564.6,135.63,0.49974,0.50171,0.29004,0.060701,0.14899,0.28005,0.2953,0.003248,0,0,0,0,0.05465,0.021634,15,176.71,-54.005,65.002,NaN,29.711,977.39,349.3,0.043464,0.014679
3.9239,92.974,-144.31,-210.6,168.28,252.78,-26.132,-22.636,34.572,-139.1,86.547,139.82,48.34,0.77965,9.8064,0.32325,-1.7975e-4,-5.45,-22.834,13857,3627.7,7.4446,0.14287,192.53,172.01,1.368,0.50541,25898874,3544.8,156.05,0.50377,0.50393,0.28908,0.06148,0.15321,0.077159,0.10847,0.057005,0,0,0,0,-0.0032741,0.023188,15,176.71,-54.973,64.665,NaN,29.73,977.63,349.32,0.05,0.01477
3.9739,85.491,-155.03,-215.07,180.93,251.18,-24.323,-18.518,30.569,-142.72,93.293,129.74,48.34,0.77967,9.8064,1.125,-3.7054e-4,-17.746,-6.562,13767,3538.1,7.4313,0.14269,191.32,171.79,1.3018,0.54246,27803664,3529,182.18,0.5086,0.51052,0.28793,0.062417,0.15825,0.27588,0.38941,0.0040175,0,0,0,0,-0.030131,0.024942,15,176.71,-56.019,64.119,NaN,29.753,977.92,349.33,0.024889,0.014817
3.9988,81.566,-160.42,-216.89,187.21,251.24,-23.369,-16.357,28.524,-145.01,96.493,126.81,48.34,0.77968,9.8064,1.3208,-3.695e-4,-14.008,-4.4919,13695,3466.3,7.4206,0.14255,191.1,171.62,1.2991,0.55994,28702506,3519.3,195.33,0.511,0.51363,0.28736,0.062883,0.16076,0.32647,0.44208,0.001439,0,0,0,0,-0.017619,0.025803,15,176.71,-56.405,63.819,NaN,29.765,978.08,349.34,0.020544,0.014865
4.0193,78.224,-164.9,-217.55,192.37,250.71,-22.555,-14.52,26.824,-147.23,99.077,124.62,48.34,0.77969,9.8064,1.4331,-3.6961e-4,-10.012,-3.6824,13652,3422.7,7.414,0.14246,191.02,171.51,1.3009,0.5746,29456697,3511.1,206.73,0.51307,0.51617,0.28686,0.063286,0.16292,0.35612,0.47168,0.001191,0,0,0,0,-0.0085476,0.026509,15,176.71,-56.634,63.59,NaN,29.775,978.21,349.34,0.018266,0.014917
4.0376,75.176,-168.88,-217.61,196.95,250.14,-21.81,-12.848,25.313,-149.5,101.34,123.35,48.34,0.7797,9.8065,1.4583,-3.6926e-4,-6.0399,-3.282,13614,3385.4,7.4083,0.14238,191.08,171.41,1.3111,0.58761,30126225,3503.6,217.07,0.51496,0.51817,0.28642,0.063653,0.16489,0.36344,0.47913,4.1339e-4,0,0,0,0,-0.0029742,0.027133,15,176.71,-56.761,63.414,NaN,29.784,978.33,349.35,0.017179,0.014965
4.0547,72.243,-172.62,-217.15,201.25,249.52,-21.093,-11.242,23.902,-151.94,103.45,122.9,48.34,0.77971,9.8065,1.4056,-3.693e-4,-2.1379,-3.0898,13580,3351.4,7.4032,0.14232,191.27,171.33,1.3295,0.59974,3.075e7,3496.4,226.83,0.51675,0.51975,0.28599,0.064003,0.16676,0.35059,0.46628,0.0010167,0,0,0,0,-3.5771e-4,0.027717,15,176.71,-56.813,63.282,NaN,29.793,978.45,349.35,0.016932,0.015013
4.0717,69.289,-176.3,-216.1,205.47,248.82,-20.369,-9.6277,22.529,-154.7,105.54,123.34,48.34,0.77972,9.8065,1.2714,-3.6897e-4,1.6034,-3.081,13548,3318.7,7.3982,0.14225,191.6,171.25,1.3572,0.61146,31353706,3489.1,236.38,0.51852,0.521,0.28557,0.064348,0.1686,0.3167,0.42996,0.0010649,0,0,0,0,1.9356e-4,0.028292,15,176.71,-56.799,63.191,NaN,29.802,978.56,349.36,0.017651,0.015061
4.0893,66.143,-180.11,-214.52,209.86,248.01,-19.596,-7.9117,21.132,-158.01,107.72,124.46,48.34,0.77973,9.8065,1.0798,-3.6822e-4,5.1646,-3.3738,13514,3285.5,7.3931,0.14218,192.04,171.16,1.3922,0.62364,31981348,3481.2,246.49,0.5204,0.52221,0.28512,0.064714,0.17056,0.26827,0.37177,0.0010814,0,0,0,0,0.0019305,0.02889,15,176.71,-56.721,63.144,NaN,29.812,978.69,349.37,0.019608,0.015108
4.1089,62.57,-184.3,-212.27,214.72,247.02,-18.715,-5.9656,19.643,-162.32,110.17,126.33,48.34,0.77975,9.8065,0.82496,-3.6783e-4,8.3351,-4.2537,13479,3249.8,7.3876,0.14211,192.62,171.07,1.4364,0.63719,32679152,3471.9,258.04,0.52253,0.5236,0.28461,0.065131,0.17278,0.20416,0.288,0.0014291,0,0,0,0,0.0048165,0.029554,15,176.71,-56.568,63.152,NaN,29.823,978.83,349.37,0.024225,0.015156
4.1332,58.044,-189.41,-208.88,220.7,245.66,-17.594,-3.5022,17.94,-168.74,113.27,129.29,48.34,0.77976,9.8065,0.48973,-3.6942e-4,9.9019,-7.193,13437,3207.8,7.3811,0.14203,193.38,170.96,1.4942,0.65393,33541892,3459.1,272.87,0.52522,0.52561,0.28397,0.065658,0.17559,0.12056,0.17326,0.0037003,0,0,0,0,0.0064536,0.030375,15,176.71,-56.309,63.249,NaN,29.837,979.01,349.38,0.036337,0.015204
4.1695,51.024,-196.93,-203.24,229.61,243.39,-15.846,0.31925,15.849,178.85,118.06,133.91,48.34,0.77979,9.8065,0.28753,-3.8257e-4,-5.5956,-12.207,13379,3149.7,7.3721,0.14191,194.01,170.81,1.5462,0.67922,34845701,3440.8,296.69,0.52943,0.52956,0.28297,0.066484,0.17997,0.070796,0.1112,0.0094772,0,0,0,0,-0.0019101,0.031609,15,176.71,-55.861,63.545,NaN,29.858,979.28,349.39,0.05,0.015253
4.2195,40.926,-206.96,-196.47,241.74,240.32,-13.308,5.8369,14.531,156.32,124.92,138.39,48.34,0.77982,9.8066,0.68281,-5.539e-4,-6.7857,-4.8665,13296,3066.8,7.3591,0.14175,193.7,170.6,1.5405,0.71398,36639105,3425.8,332.1,0.53548,0.53623,0.28154,0.067673,0.18627,0.17121,0.26668,0.0014575,0,0,0,0,-0.0025419,0.033309,15,176.71,-55.386,64.092,NaN,29.889,979.68,349.41,0.020738,0.015302
4.2402,36.592,-211.04,-195.54,246.72,240.18,-12.211,8.2168,14.718,146.06,127.81,139.47,48.34,0.77983,9.8066,0.76022,-5.5405e-4,-2.9394,-4.295,13228,2999,7.3484,0.14161,193.74,170.42,1.555,0.72822,37374315,3417.7,347.31,0.53804,0.53898,0.28093,0.068179,0.18894,0.19166,0.29843,0.0011376,0,0,0,0,-4.5848e-4,0.034013,15,176.71,-55.309,64.294,NaN,29.903,979.85,349.42,0.017785,0.01535
4.258,32.807,-214.52,-194.85,250.99,239.32,-11.25,10.301,15.254,137.52,130.29,138.94,48.34,0.77985,9.8066,0.75131,-5.5439e-4,0.79923,-4.212,13191,2962,7.3425,0.14154,193.91,170.32,1.5727,0.74041,38004010,3410.3,360.57,0.54028,0.5412,0.2804,0.068621,0.19127,0.18994,0.29823,0.0013132,0,0,0,0,3.2787e-5,0.034615,15,176.71,-55.316,64.429,NaN,29.914,980,349.43,0.017199,0.015398
4.2752,29.089,-217.87,-194.77,255.09,238.38,-10.304,12.355,16.088,129.83,132.68,137.43,48.34,0.77986,9.8066,0.67778,-5.5419e-4,4.3265,-4.4679,13157,2928.5,7.3371,0.14147,194.19,170.23,1.5973,0.75218,38612348,3402.8,373.58,0.54248,0.54324,0.27987,0.069055,0.19355,0.17155,0.27295,7.3348e-4,0,0,0,0,9.3094e-4,0.035195,15,176.71,-55.387,64.515,NaN,29.925,980.15,349.43,0.018192,0.015447
4.2934,25.093,-221.43,-195.25,259.42,237.31,-9.2854,14.569,17.276,122.51,135.16,134.88,48.34,0.77987,9.8066,0.54415,-5.5377e-4,7.4298,-5.2571,13123,2894.5,7.3317,0.1414,194.59,170.14,1.6299,0.76459,39253396,3394.3,387.56,0.54483,0.54533,0.27932,0.069521,0.196,0.13772,0.22214,0.0011116,0,0,0,0,0.0026569,0.035805,15,176.71,-55.524,64.549,NaN,29.938,980.31,349.44,0.021614,0.015495
4.315,20.261,-225.67,-196.37,264.54,235.95,-8.0519,17.251,19.038,115.02,138.04,130.81,48.34,0.77989,9.8066,0.34065,-5.5433e-4,8.9275,-7.7418,13085,2856.3,7.3255,0.14133,195.14,170.03,1.6739,0.77927,40012453,3382.9,404.54,0.54767,0.54787,0.27864,0.070083,0.19894,0.086114,0.14065,0.0027603,0,0,0,0,0.0036926,0.036524,15,176.71,-55.751,64.512,NaN,29.953,980.5,349.45,0.032421,0.015542
4.3474,12.841,-232.09,-198.34,272.18,233.74,-6.1553,21.379,22.248,106.06,142.18,123.67,48.34,0.77992,9.8066,0.20269,-5.6634e-4,-6.2927,-11.267,13033,2804.5,7.3171,0.14122,195.69,169.89,1.7198,0.80115,41144341,3365.8,430.99,0.552,0.55207,0.27762,0.070942,0.20344,0.05138,0.090252,0.005575,0,0,0,0,-0.0017357,0.037587,15,176.71,-56.147,64.316,NaN,29.975,980.79,349.46,0.048335,0.01559
4.3958,1.3899,-241.75,-198.71,283.45,230.38,-3.2256,27.752,27.939,96.63,147.99,116.56,48.34,0.77996,9.8067,0.42312,-8.8567e-4,-6.7017,-2.5474,12956,2727,7.3045,0.14107,195.75,169.68,1.738,0.8325,42767422,3351.1,471.2,0.55841,0.55872,0.2761,0.072219,0.2101,0.10888,0.19086,-1.1083e-4,0,0,0,0,-0.0018229,0.039138,15,176.71,-56.593,63.883,NaN,30.01,981.24,349.49,0.021121,0.015639
