Temps	Accelerometre 1 x (en m/s²)	Accelerometre 1 y (en m/s²)	Accelerometre 1 z (en m/s²)	Gyroscope 1 phi	Gyroscope 1 theta	Gyroscope 1 psi	Gyrometre 1 phi	Gyrometre 1 theta	Gyrometre 1 psi	Magnetometre 1 F (en nT)	Magnetometre 1 H (en nT)	Magnetometre 1 X (en nT)	Magnetometre 1 Y (en nT)	Magnetometre 1 Z (en nT)	Magnetometre 1 Declinaison (en deg)	Magnetometre 1 Inclinaison (en deg)	GPS 1 Latitude (en deg)	GPS 1 Longitude (en deg)	GPS 1 Altitude (en deg)	
0,0	-9,222830176148783	0,10958975773165505	1,2178801083010933	-3,2811464370106616	1,5750255185532769	-0,19246826759433772	-0,03114596148114881	0,2514434161411762	-0,031723442481692565	53342,6	11583,6	11419,2	1944,7	52069,7	9,7	77,5	67,85572	20,22513	-0,0	
0,02009950248756219	-9,279526590909468	0,0022874957032836263	1,1751112599583509	-3,2811464370106616	1,5750255185532769	-0,19246826759433772	-0,34212429602303057	-0,2999049730870813	0,15214756342089375	53342,6	11583,6	11419,2	1944,7	52069,7	9,7	77,5	67,85572	20,22513	-0,0	
0,04019900497512438	-9,406217306259014	0,12493448982466808	1,109445209146874	-3,2811464370106616	1,5750255185532769	-0,19246826759433772	0,16353689549566594	-0,021048761135949248	0,2733145437639773	53342,6	11583,6	11419,2	1944,7	52069,7	9,7	77,5	67,85572	20,22513	-0,0	
0,06029850746268657	-9,491612962479925	0,4877515947703299	0,8728964487852033	-3,2811464370106616	1,5750255185532769	-0,19246826759433772	-0,15111856769283882	-0,01619392817808443	-0,08707854867993624	53342,6	11583,6	11419,2	1944,7	52069,7	9,7	77,5	67,85572	20,22513	-0,0	
0,08039800995024876	-9,686818040180539	0,5303123195536403	1,3688803697430907	-3,2811464370106616	1,5750255185532769	-0,19246826759433772	-0,29882260612264055	0,09623140197864287	0,06977571033144887	53342,6	11583,6	11419,2	1944,7	52069,7	9,7	77,5	67,85572	20,22513	-0,0	
0,10049751243781095	-9,838681807996974	0,3848028505112894	1,0635048261204667	-3,2811464370106616	1,5750255185532769	-0,19246826759433772	0,37678249061010594	0,01231226397273133	0,3869830128431402	53342,6	11583,6	11419,2	1944,7	52069,7	9,7	77,5	67,85572	20,22513	-0,0	
0,12059701492537314	-12,603192346161018	0,5840146867786016	1,14339112187002	-3,2811464370106616	1,5750255185532769	-0,19246826759433772	0,2868143746474684	0,09436026610287458	-0,2842268801432674	53342,6	11583,6	11419,2	1944,7	52069,7	9,7	77,5	67,85571999923228	20,225129999930843	0,0006119845348831645	
0,14069651741293535	-12,316402598687777	-0,13300465254516086	0,7411348637231054	-3,2811464370106616	1,5750255185532769	-0,19246826759433772	-0,25135844312874894	-0,35609692391389935	0,06051983971145347	53342,6	11583,6	11419,2	1944,7	52069,7	9,7	77,5	67,85571999923228	20,225129999930843	0,0006119845348831645	
0,16079601990049752	-22,88074124175634	-0,07060468648574192	0,8289976048298099	-3,2811464370106616	1,5750255185532769	-0,19246826759433772	0,30438329876917475	-0,2990350855319961	-0,20311074532045242	53342,6	11583,6	11419,2	1944,7	52069,7	9,7	77,5	67,85571999443363	20,225129999498577	0,004437154222442192	
0,18089552238805973	-22,460030055895245	0,5916606175451617	1,0587476697000426	-3,2811464370106616	1,5750255185532769	-0,19246826759433772	0,006103565422516422	-0,29348210843035866	-0,18435554019817496	53342,6	11583,6	11419,2	1944,7	52069,7	9,7	77,5	67,85571999443363	20,225129999498577	0,004437154222442192	
0,2009950248756219	-33,66613151616369	0,4076386609525572	0,919086341017992	-3,2811464370106616	1,5750255185532769	-0,19246826759433772	0,18189555517939074	0,23549695837201315	-0,3651794888057478	53342,6	11583,6	11419,2	1944,7	52069,7	9,7	77,5	67,8557199803261	20,225129998227764	0,015682752196458816	
0,2210945273631841	-33,53215624749903	-0,06648253776048252	1,1589708224254929	-3,2811464370106616	1,5750255185532769	-0,19246826759433772	-0,17558115860327286	0,19969311362532177	0,25044785039508594	53342,6	11583,6	11419,2	1944,7	52069,7	9,7	77,5	67,8557199803261	20,225129998227764	0,015682752196458816	
0,24119402985074628	-53,7232747930166	0,16969002811101902	1,199545181133033	-3,2811464370106616	1,5750255185532769	-0,19246826759433772	-0,16613917381863114	0,3664986531789673	0,37010009923242526	53342,6	11583,6	11419,2	1944,7	52069,7	9,7	77,5	67,85571994925398	20,225129995428773	0,04045141619392746	
0,2612935323383085	-53,58809640713801	0,5915871426387751	0,7415260591131783	-3,2811464370106616	1,5750255185532769	-0,19246826759433772	0,031212044716278788	-0,1457391267933467	-0,19966965594530584	53342,6	11583,6	11419,2	1944,7	52069,7	9,7	77,5	67,85571994925398	20,225129995428773	0,04045141619392746	
0,2813930348258707	-70,09885868285022	0,5353507732104115	1,0877102327166221	-3,2811464370106616	1,5750255185532769	-0,19246826759433772	-0,1764403444264347	0,2229506302907435	0,3437713719792962	53342,6	11583,6	11419,2	1944,7	52069,7	9,7	77,5	67,85571989222265	20,225129990291364	0,08591306975712296	
0,3014925373134329	-69,93797378003883	0,5538951660366176	0,6471825338772417	-3,2811464370106616	1,5750255185532769	-0,19246826759433772	-0,39452846494177135	-0,12361730687567248	-0,3349541961829379	53342,6	11583,6	11419,2	1944,7	52069,7	9,7	77,5	67,85571989222265	20,225129990291364	0,08591306975712296	
0,32159203980099504	-86,8642142186454	0,40054350341220024	1,3690101012474014	-3,2811464370106616	1,5750255185532769	-0,19246826759433772	-0,38382720553510197	0,013738221843580423	-0,3157123606681886	53342,6	11583,6	11419,2	1944,7	52069,7	9,7	77,5	67,85571980098221	20,22512998207238	0,15864399152401054	
0,34169154228855725	-86,86646930648753	0,168379201192571	0,9514678387563956	-3,2811464370106616	1,5750255185532769	-0,19246826759433772	-0,25365361655437885	0,3852872309247358	-0,06254295887026613	53342,6	11583,6	11419,2	1944,7	52069,7	9,7	77,5	67,85571980098221	20,22512998207238	0,15864399152401054	
0,36179104477611945	-102,41903196739567	0,3518640560445036	1,192972626822226	-3,2811464370106616	1,5750255185532769	-0,19246826759433772	-0,3848623529123211	0,009016232460386676	0,08949858865705701	53342,6	11583,6	11419,2	1944,7	52069,7	9,7	77,5	67,85571966743824	20,225129970042673	0,2650965398834325	
0,38189054726368166	-102,23124502068218	0,43806281413940074	0,7676636330309365	-3,2811464370106616	1,5750255185532769	-0,19246826759433772	-0,16174685753782497	-0,3472898279730332	0,3450519498551791	53342,6	11583,6	11419,2	1944,7	52069,7	9,7	77,5	67,85571966743824	20,225129970042673	0,2650965398834325	
0,4019900497512438	-117,91920273112524	0,3528335958942973	1,35686543777072	-3,2811464370106616	1,5750255185532769	-0,19246826759433772	-0,009290750230128797	-0,14627606969833123	0,25504790512961223	53342,6	11583,6	11419,2	1944,7	52069,7	9,7	77,5	67,85571948382174	20,22512995350241	0,41146362485133836	
0,422089552238806	-118,00344696734227	0,26580771808401227	1,218413069255441	-3,2811464370106616	1,5750255185532769	-0,19246826759433772	0,25140485271877405	0,18907839708960525	-0,27797833631309593	53342,6	11583,6	11419,2	1944,7	52069,7	9,7	77,5	67,85571948382174	20,22512995350241	0,41146362485133836	
0,4421890547263682	-118,99450094182998	0,36890493403649705	0,674032321613653	-3,2811464370106616	1,5750255185532769	-0,19246826759433772	-0,013459594404127362	-0,1817115935025383	-0,2156508559572334	53342,6	11583,6	11419,2	1944,7	52069,7	9,7	77,5	67,85571924596573	20,22512993207623	0,6010669102879435	
0,4622885572139304	-119,6523176670937	0,3806400447658254	1,2448415902130905	-3,2811464370106616	1,5750255185532769	-0,19246826759433772	-0,04539812963611256	0,25713666646654104	0,014531079539055282	53342,6	11583,6	11419,2	1944,7	52069,7	9,7	77,5	67,85571924596573	20,22512993207623	0,6010669102879435	
0,48238805970149257	-120,71868960824433	0,5520580437155882	1,1244423379579458	-3,2811464370106616	1,5750255185532769	-0,19246826759433772	0,3371679902159597	0,045643493480074154	0,28050898711166744	53342,6	11583,6	11419,2	1944,7	52069,7	9,7	77,5	67,85571895314158	20,225129905698484	0,8344872207345662	
0,5024875621890548	-121,02430233027648	0,297003504040168	1,3270216966734314	-3,2811464370106616	1,5750255185532769	-0,19246826759433772	-0,04148414085229986	-0,28168556355712093	0,13759660681255514	53342,6	11583,6	11419,2	1944,7	52069,7	9,7	77,5	67,85571895314158	20,225129905698484	0,8344872207345662	
0,522587064676617	-122,25771121615196	0,5145854633614841	1,162958740360329	-3,2811464370106616	1,5750255185532769	-0,19246826759433772	0,3784352638522734	0,2606709701813282	-0,37908225829958386	53342,6	11583,6	11419,2	1944,7	52069,7	9,7	77,5	67,85571860461936	20,225129874303434	1,1123063812224139	
0,5426865671641792	-122,44204188009104	0,530741924752164	1,174234424183737	-3,2811464370106616	1,5750255185532769	-0,19246826759433772	-0,3134009529244346	-0,20295735045038535	-0,04636481863205821	53342,6	11583,6	11419,2	1944,7	52069,7	9,7	77,5	67,85571860461936	20,225129874303434	1,1123063812224139	
0,5627860696517414	-124,28740860524066	0,01541799793008089	0,840183938929982	-3,2811464370106616	1,5750255185532769	-0,19246826759433772	-0,0365287644284351	0,2888977349571839	-0,15532614329988	53342,6	11583,6	11419,2	1944,7	52069,7	9,7	77,5	67,85571819960829	20,225129837819843	1,435154775254336	
0,5828855721393036	-124,35444154618428	-0,002160478263563137	1,3480705539902718	-3,2811464370106616	1,5750255185532769	-0,19246826759433772	-0,25191801347035553	0,32939273647830625	0,2119325412926408	53342,6	11583,6	11419,2	1944,7	52069,7	9,7	77,5	67,85571819960829	20,225129837819843	1,435154775254336	
0,6029850746268658	-125,94284299796658	0,31248317834600586	1,071966152671369	-3,2811464370106616	1,5750255185532769	-0,19246826759433772	0,375989292341708	-0,34827483737417	0,020834344873355014	53342,5	11583,6	11419,2	1944,6	52069,6	9,7	77,5	67,85571773725653	20,22512979617097	1,8037114292248897	
0,6230845771144279	-126,00380109416676	0,5765682104640332	1,007254508641627	-3,2811464370106616	1,5750255185532769	-0,19246826759433772	-0,21522255538390409	-0,17610890394359685	-0,2525911003256559	53342,5	11583,6	11419,2	1944,6	52069,6	9,7	77,5	67,85571773725653	20,22512979617097	1,8037114292248897	
0,6431840796019901	-126,56192327844923	0,15981004396921147	0,9669535379433282	-3,2811464370106616	1,5750255185532769	-0,19246826759433772	-0,05904301435611293	-0,01867299822474076	0,23048813575135718	53342,5	11583,6	11419,2	1944,6	52069,6	9,7	77,5	67,85571721692894	20,225129749299608	2,218482621778931	
0,6632835820895523	-126,94900566923106	-0,09601296493092987	1,2071852429624328	-3,2811464370106616	1,5750255185532769	-0,19246826759433772	0,03114561418888126	0,1934165301171669	0,14290537364766787	53342,5	11583,6	11419,2	1944,6	52069,6	9,7	77,5	67,85571721692894	20,225129749299608	2,218482621778931	
0,6833830845771145	-127,28577661625373	0,38640379483529946	0,8480168092137874	-3,2811464370106616	1,5750255185532769	-0,19246826759433772	-0,14497112645888371	-0,11307283876184522	-0,03304319502967759	53342,5	11583,6	11419,2	1944,6	52069,6	9,7	77,5	67,8557166382075	20,2251296971681	2,679801587126146	
0,7034825870646768	-127,46055642495806	0,22925447293914875	1,005355567881416	-3,2811464370106616	1,5750255185532769	-0,19246826759433772	-0,3044740477737147	0,07095588369527013	-0,24150592892749176	53342,5	11583,6	11419,2	1944,6	52069,6	9,7	77,5	67,8557166382075	20,2251296971681	2,679801587126146	
0,7235820895522389	-128,5115085135798	0,603919056843524	1,1603422416428595	-3,2811464370106616	1,5750255185532769	-0,19246826759433772	-0,1086751125200365	0,15877909713440852	-0,09981876273719117	53342,5	11583,6	11419,2	1944,6	52069,6	9,7	77,5	67,85571600067343	20,225129639738725	3,1880021360126745	
0,743681592039801	-128,25595813517248	0,46918004096016475	0,8183183045057796	-3,2811464370106616	1,5750255185532769	-0,19246826759433772	0,40495371667244234	0,2211066433811625	0,1406158926150723	53342,5	11583,6	11419,2	1944,6	52069,6	9,7	77,5	67,85571600067343	20,225129639738725	3,1880021360126745	
0,7637810945273633	-128,89868734316738	0,634733921173761	1,0547171268648157	-3,2811464370106616	1,5750255185532769	-0,19246826759433772	-0,0012385084247573536	-0,12951573283726797	0,07764785727961361	53342,5	11583,6	11419,2	1944,6	52069,6	9,7	77,5	67,85571530390725	20,22512957697369	3,7434186572237778	
0,7838805970149255	-129,4040521026588	0,33351795933099615	1,0508211868571478	-3,2811464370106616	1,5750255185532769	-0,19246826759433772	-0,3238249215423613	-0,30550374726861534	-0,1417467241193525	53342,5	11583,6	11419,2	1944,6	52069,6	9,7	77,5	67,85571530390725	20,22512957697369	3,7434186572237778	
0,8039800995024876	-129,78662900564777	0,07899829497964322	0,7178589585948052	-3,2811464370106616	1,5750255185532769	-0,19246826759433772	-0,28861095828437633	0,3221978354771824	0,26212942310329995	53342,5	11583,6	11419,2	1944,6	52069,6	9,7	77,5	67,85571454748874	20,225129508835142	4,346386119091736	
0,8240796019900498	-129,86024903303561	0,4940423763295341	0,9344161425567804	-3,2811464370106616	1,5750255185532769	-0,19246826759433772	0,41074322391647455	-0,12802657653216928	-0,00796005382504552	53342,5	11583,6	11419,2	1944,6	52069,6	9,7	77,5	67,85571454748874	20,225129508835142	4,346386119091736	
0,844179104477612	-130,60455562671228	0,09386967977202512	0,7640683693832571	-3,2811464370106616	1,5750255185532769	-0,19246826759433772	0,22179411824127324	0,2704465585515927	-0,13816695796862924	53342,5	11583,6	11419,2	1944,6	52069,6	9,7	77,5	67,85571373100898	20,22512943528625	4,99723050969242	
0,8642786069651743	-130,93530655877203	0,5822025750831097	1,0797194518470554	-3,2811464370106616	1,5750255185532769	-0,19246826759433772	0,31047978218852534	-0,006177101496692532	-0,11467263846077888	53342,5	11583,6	11419,2	1944,6	52069,6	9,7	77,5	67,85571373100898	20,22512943528625	4,99723050969242	
0,8843781094527364	-131,30365389297654	-0,10709167227069238	1,096706486752022	-3,2811464370106616	1,5750255185532769	-0,19246826759433772	-0,06549857355481489	-0,07678767072467875	-0,17089237412365998	53342,5	11583,6	11419,2	1944,6	52069,6	9,7	77,5	67,85571285407026	20,225129356291184	5,696268821813357	
0,9044776119402985	-131,2988113183351	-0,09241277298083056	1,3010248121027894	-3,2811464370106616	1,5750255185532769	-0,19246826759433772	0,48681720954373114	-0,35717314130078054	-0,15900859677662563	53342,5	11583,6	11419,2	1944,6	52069,6	9,7	77,5	67,85571285407026	20,225129356291184	5,696268821813357	
0,9245771144278608	-132,36129909419674	-0,030620602489043358	0,6802679896155002	-3,2811464370106616	1,5750255185532769	-0,19246826759433772	-0,2412569248269974	0,3684609948591418	-0,354349132416278	53342,4	11583,6	11419,2	1944,6	52069,5	9,7	77,5	67,85571191627425	20,225129271814065	6,4438185990887025	
0,944676616915423	-132,1696182152123	0,17368006823196808	1,4134075729065416	-3,2811464370106616	1,5750255185532769	-0,19246826759433772	-0,21938597814099953	-0,18083009869152672	-0,3748284121209299	53342,4	11583,6	11419,2	1944,6	52069,5	9,7	77,5	67,85571191627425	20,225129271814065	6,4438185990887025	
0,9647761194029851	-133,59826765821472	0,5100073358497066	1,2389600315450515	-3,2811464370106616	1,5750255185532769	-0,19246826759433772	-0,22249515269110695	0,042899195721963226	-0,10150853358497144	53342,4	11583,6	11419,2	1944,6	52069,5	9,7	77,5	67,85571091719181	20,225129181816236	7,240221903745614	
0,9848756218905473	-133,0465511280855	0,4366349031097163	0,890493437313903	-3,2811464370106616	1,5750255185532769	-0,19246826759433772	0,028920173341380417	0,15217431967774628	0,37286284221462895	53342,4	11583,6	11419,2	1944,6	52069,5	9,7	77,5	67,85571091719181	20,225129181816236	7,240221903745614	
1,0049751243781095	-134,5686003534724	0,2095303427865726	1,3675631825282102	-3,2811464370106616	1,5750255185532769	-0,19246826759433772	-0,17895275181247589	-0,28295578844179947	-0,09533854962408814	53342,4	11583,6	11419,2	1944,6	52069,5	9,7	77,5	67,85570985636305	20,225129086256267	8,08584535964575	
1,0250746268656719	-134,41395410733762	0,5624705030291308	0,7795073390176093	-3,2811464370106616	1,5750255185532769	-0,19246826759433772	0,31431639564602715	-0,04766638909355732	-0,10295960947061496	53342,4	11583,6	11419,2	1944,6	52069,5	9,7	77,5	67,85570985636305	20,225129086256267	8,08584535964575	
1,045174129353234	-128,98131419399488	0,2962521977595531	0,8228395410291367	-3,2811464370106616	1,5750255185532769	-0,19246826759433772	0,38820089956799386	0,05360552359433791	-0,37211588021220643	53342,4	11583,6	11419,2	1944,6	52069,5	9,7	77,5	67,85570873495203	20,225128985239017	8,979761038767379	
1,065273631840796	-128,27628181769444	0,08217343500501673	0,8335863355385622	-3,2811464370106616	1,5750255185532769	-0,19246826759433772	0,11270196956373942	-0,049788876564121634	-0,3939458982542752	53342,4	11583,6	11419,2	1944,6	52069,5	9,7	77,5	67,85570873495203	20,225128985239017	8,979761038767379	
1,0853731343283584	-121,55442660761545	0,3951324934928617	-0,3641077662093839	-3,2811465749600366	1,575025339671477	-0,19246672644015342	0,4303119072810071	-0,3025726349914565	0,18694152294720995	53342,4	11583,6	11419,2	1944,6	52069,5	9,7	77,5	67,8557075537471	20,22512887883551	9,919379616460173	
1,1054726368159207	-121,2047928694664	0,24781348039497125	-0,1319021096874842	-3,2811465749600366	1,575025339671477	-0,19246672644015342	0,03453956378920661	0,28367299294876536	-0,1826632463402161	53342,4	11583,6	11419,2	1944,6	52069,5	9,7	77,5	67,8557075537471	20,22512887883551	9,919379616460173	
1,1255721393034828	-116,26958902975862	-0,14514278928306706	-0,04316464502804224	-3,281147563225514	1,5750240578354313	-0,19245568258086193	0,06415765287056241	0,07839055152372609	0,2709238100420236	53342,3	11583,6	11419,2	1944,6	52069,4	9,7	77,5	67,85570631343649	20,225128767107737	10,902208378979445	
1,1456716417910449	-116,47892653477638	0,3707543665487901	0,06484968236160099	-3,281147563225514	1,5750240578354313	-0,19245568258086193	0,3909262056905831	0,24993313219931884	-0,3522015617767975	53342,3	11583,6	11419,2	1944,6	52069,4	9,7	77,5	67,85570631343649	20,225128767107737	10,902208378979445	
1,1657711442786072	-111,357819992735	0,4492520441035305	-0,01900032697594728	-3,281150310182003	1,5750204933579963	-0,192424971489857	-0,1470059799808098	-0,31097877916693356	-0,02332229838476898	53342,3	11583,6	11419,2	1944,6	52069,4	9,7	77,5	67,85570501646117	20,225128650275646	11,926327864958058	
1,1858706467661693	-111,90622994758405	0,5493174912520103	-0,6944328992543789	-3,281150310182003	1,5750204933579963	-0,192424971489857	0,5918042486796198	-0,26075153214975855	-0,2540855943931041	53342,3	11583,6	11419,2	1944,6	52069,4	9,7	77,5	67,85570501646117	20,225128650275646	11,926327864958058	
1,2059701492537316	-107,3326055886986	0,5607259942328343	-0,04823563696782557	-3,2811557785041665	1,5750133929917511	-0,1923637934776759	-0,03548898853405044	-0,14599773809256855	0,06677770400795288	53342,3	11583,6	11419,2	1944,6	52069,4	9,7	77,5	67,8557036651318	20,225128528547508	12,989923590498055	
1,2260696517412937	-107,00777137432947	0,08211075065988568	-0,5531850713969971	-3,2811557785041665	1,5750133929917511	-0,1923637934776759	0,24073558329431605	-0,11189496103460009	0,3927072395119044	53342,3	11583,6	11419,2	1944,6	52069,4	9,7	77,5	67,8557036651318	20,225128528547508	12,989923590498055	
1,2461691542288558	-108,08934593097833	-0,012611693404151053	0,015873777120481103	-3,281164975921652	1,575001439954859	-0,19226079926869763	0,3264907395379253	0,29917039393724576	0,2624805000717221	53342,3	11583,5	11419,1	1944,6	52069,4	9,7	77,5	67,85570226040895	20,22512840201011	14,092257638148807	
1,266268656716418	-107,53077733062804	0,3106316785419959	-0,11287352972485648	-3,281164975921652	1,575001439954859	-0,19226079926869763	0,5413648223797944	-0,32003160850695295	0,3798645906138372	53342,3	11583,5	11419,1	1944,6	52069,4	9,7	77,5	67,85570226040895	20,22512840201011	14,092257638148807	
1,2863681592039802	-108,73698671629205	0,11518667173655821	0,03330794248622343	-3,2811789507274365	1,5749832575047007	-0,1921041199122034	0,05084547504342532	-0,0260458982544593	-0,27943180218077396	53342,2	11583,5	11419,1	1944,6	52069,3	9,7	77,5	67,8557008019007	20,225128270628595	15,233670120779303	
1,3064676616915423	-108,68757982945313	-0,16144855473495517	-0,46485499276710057	-3,2811789507274365	1,5749832575047007	-0,1921041199122034	0,03136874317550972	0,2562190479963638	-0,3401773952617244	53342,2	11583,5	11419,1	1944,6	52069,3	9,7	77,5	67,8557008019007	20,225128270628595	15,233670120779303	
1,3265671641791046	-109,26130219142138	0,32395558566706517	0,17545966992236822	-3,2811987853031495	1,5749574147703933	-0,19188141608554118	0,12180170171423499	-0,40886151998081954	0,37708970920130086	53342,2	11583,5	11419,1	1944,6	52069,3	9,7	77,5	67,85569928921416	20,225128134368276	16,414501150261884	
1,346666666666667	-109,53171407205856	0,1463744289470957	0,12503322600482747	-3,2811987853031495	1,5749574147703933	-0,19188141608554118	0,36126299724878624	-0,036652833276288405	0,035087599289955	53342,2	11583,5	11419,1	1944,6	52069,3	9,7	77,5	67,85569928921416	20,225128134368276	16,414501150261884	
1,366766169154229	-110,57857239836828	0,48030195509474816	-0,355695837997301	-3,2812255875418965	1,5749224349813564	-0,19157994796868721	0,13147285251752275	0,32150821121793605	0,2842525255009348	53342,2	11583,5	11419,1	1944,6	52069,3	9,7	77,5	67,85569772198623	20,22512799319744	17,635065751696892	
1,386865671641791	-110,73566893634263	-0,13149034950593927	-0,3472517223383149	-3,2812255875418965	1,5749224349813564	-0,19157994796868721	-0,07791926571353214	0,35319247123916825	0,07418919343819809	53342,2	11583,5	11419,1	1944,6	52069,3	9,7	77,5	67,85569772198623	20,22512799319744	17,635065751696892	
1,4069651741293536	-110,91327977558629	0,5254940270340692	0,26300435024288704	-3,281260480731931	1,5748768053375157	-0,19118665918764138	0,24682347172958902	-0,38474291857401816	0,24089550567248139	53342,2	11583,5	11419,1	1944,6	52069,3	9,7	77,5	67,85569609988269	20,225127847087364	18,895653802137087	
1,4270646766169157	-110,97470008686643	0,4895171110591974	0,11384624113619868	-3,281260480731931	1,5748768053375157	-0,19118665918764138	-0,07641249779228779	-0,08560947812470436	-0,36790123458675994	53342,2	11583,5	11419,1	1944,6	52069,3	9,7	77,5	67,85569609988269	20,225127847087364	18,895653802137087	
1,4471641791044778	-108,8597647548122	0,018115869397362067	-0,44576092946655543	-3,2813045906881926	1,5748189901121572	-0,19068828853330455	-0,09004616796656748	-0,19949162551589883	0,1222218164458414	53342,1	11583,5	11419,1	1944,6	52069,2	9,7	77,5	67,85569442327512	20,22512769607329	20,195990273005613	
1,46726368159204	-108,7860460816559	0,14823424300468346	0,2973509144802456	-3,2813045906881926	1,5748189901121572	-0,19068828853330455	0,14109602900338872	0,3235603470563155	0,08977385574957301	53342,1	11583,5	11419,1	1944,6	52069,2	9,7	77,5	67,85569442327512	20,22512769607329	20,195990273005613	
1,487363184079602	-107,20141414428406	0,45965929274579387	-0,29218999976554466	-3,281359026763136	1,5747474515508102	-0,19007154887947827	-0,0608141098037977	0,07757024824947839	-0,026925750785773358	53342,1	11583,5	11419,1	1944,6	52069,2	9,7	77,5	67,8556926932413	20,225127540254476	21,53523450912392	
1,5074626865671643	-107,18493632494194	0,10665920185580946	0,052496009107058574	-3,281359026763136	1,5747474515508102	-0,19007154887947827	0,024509594138059337	0,09898917709629931	-0,2377359586655263	53342,1	11583,5	11419,1	1944,6	52069,2	9,7	77,5	67,8556926932413	20,225127540254476	21,53523450912392	
1,5275621890547266	-104,27029937034432	-0,16573762934399217	-0,22619197592442197	-3,281424864711031	1,5746606681079305	-0,18932328310706018	0,10175873209016281	-0,14766256114842669	0,3952645430541198	53342,1	11583,5	11419,1	1944,6	52069,2	9,7	77,5	67,85569091087126	20,22512737973177	22,912532335241927	
1,5476616915422887	-104,77460074280813	-0,17739711545556858	0,3782338733234143	-3,281424864711031	1,5746606681079305	-0,18932328310706018	-0,08882354656003888	-0,015595126091677295	0,3041510475554621	53342,1	11583,5	11419,1	1944,6	52069,2	9,7	77,5	67,85569091087126	20,22512737973177	22,912532335241927	
1,567761194029851	-102,20749021496295	0,16350816770711563	0,4997140887823154	-3,2815031297041353	1,574557152225346	-0,18843061602845942	0,03155907895436916	0,13692971805658338	-0,22359270582899615	53342,0	11583,5	11419,1	1944,6	52069,1	9,7	77,5	67,8556890772815	20,22512721460894	24,327004242437116	
1,5878606965174131	-102,12219756479814	0,2155520611027646	0,054781137916705525	-3,2815031297041353	1,574557152225346	-0,18843061602845942	-0,23248222774286675	-0,35146610790373367	0,0814777776517613	53342,0	11583,5	11419,1	1944,6	52069,1	9,7	77,5	67,8556890772815	20,22512721460894	24,327004242437116	
1,6079601990049752	-99,99441864396958	-0,20837978611558913	-0,010695484956336265	-3,2815947785712205	1,5744354688779574	-0,1873811128564741	0,42775322304439783	-0,33751182267672114	-0,31118340808936507	53342,0	11583,5	11419,1	1944,6	52069,1	9,7	77,5	67,85568719359944	20,225127044991297	25,77775717512998	
1,6280597014925373	-99,85206629354019	-0,16495274111553446	0,5305654782953991	-3,2815947785712205	1,5744354688779574	-0,1873811128564741	-0,20132032738669575	0,31944084691586083	0,38199779636781467	53342,0	11583,5	11419,1	1944,6	52069,1	9,7	77,5	67,85568719359944	20,225127044991297	25,77775717512998	
1,6481592039800996	-100,2752956537835	0,4108588068758169	0,579390292071487	-3,2817006830303237	1,574294252403827	-0,18616292274971885	-0,09802315578561976	-0,067115831212575	-0,16885025883915833	53342,0	11583,5	11419,1	1944,6	52069,1	9,7	77,5	67,85568526037144	20,225126870932627	27,264353812284753	
1,668258706467662	-99,91731098223421	0,068220908959499	0,3572518746340267	-3,2817006830303237	1,574294252403827	-0,18616292274971885	-0,1956573902977009	0,07927475765162846	-0,16333296816982026	53342,0	11583,5	11419,1	1944,6	52069,1	9,7	77,5	67,85568526037144	20,225126870932627	27,264353812284753	
1,688358208955224	-99,90057406583699	-0,051479586656798776	0,3893817190850971	-3,2818216168547516	1,574132217198189	-0,18476486903748043	-0,228112180225381	0,21985234783462687	0,13771221580681242	53341,9	11583,5	11419,1	1944,6	52069,0	9,7	77,5	67,85568327756039	20,225126692435122	28,786813098755598	
1,7084577114427861	-100,57078256715293	0,5563535418993267	0,5139630278908456	-3,2818216168547516	1,574132217198189	-0,18476486903748043	0,07291972274738664	0,044220262659895954	0,2221852798417148	53341,9	11583,5	11419,1	1944,6	52069,0	9,7	77,5	67,85568327756039	20,225126692435122	28,786813098755598	
1,7285572139303487	-100,66433311746857	-0,13636892157578034	0,8119732374834792	-3,281958237993901	1,5739481744696449	-0,18317659145697884	0,38373914768053374	-0,26296535237654894	0,3503472435203041	53341,9	11583,5	11419,1	1944,6	52069,0	9,7	77,5	67,85568124511957	20,225126509500985	30,345153423147224	
1,7486567164179108	-100,64971860854338	0,3001891412134188	0,8132294844822863	-3,281958237993901	1,5739481744696449	-0,18317659145697884	0,08803690953068936	0,046761223308031945	0,1438262012227086	53341,9	11583,5	11419,1	1944,6	52069,0	9,7	77,5	67,85568124511957	20,225126509500985	30,345153423147224	
1,7687562189054729	-100,12591686428027	0,31123577810604935	0,6137681970002402	-3,282111068308997	1,5737410515249703	-0,18138870985097272	-0,03296313925321969	-0,11635195909540258	-0,2880350206540424	53341,9	11583,5	11419,1	1944,6	52069,0	9,7	77,5	67,8556791629917	20,22512632213244	31,939392598576525	
1,788855721393035	-100,3022453716786	-0,018946644368033172	0,31786023369951316	-3,282111068308997	1,5737410515249703	-0,18138870985097272	-0,02486452256598861	-0,03682473066885678	0,2778226737832147	53341,9	11583,5	11419,1	1944,6	52069,0	9,7	77,5	67,8556791629917	20,22512632213244	31,939392598576525	
1,808955223880597	-100,0477152797818	-0,14041558298784718	0,8567727802194629	-3,2822804724564123	1,5735099114609663	-0,1793929909727746	-0,3811940015603123	0,3641798175766983	-0,13074886231653932	53341,8	11583,5	11419,1	1944,6	52068,9	9,7	77,5	67,85567703110807	20,225126130331674	33,56954784368132	
1,8290547263681596	-100,53749521143725	-0,12302267433114528	0,5696648745359414	-3,2822804724564123	1,5735099114609663	-0,1793929909727746	-0,3075206781336823	0,07685117873303941	0,2576212303749168	53341,8	11583,5	11419,1	1944,6	52068,9	9,7	77,5	67,85567703110807	20,225126130331674	33,56954784368132	
1,8491542288557217	-98,18051206052657	-0,23198723311035738	0,6150374977151953	-3,2824666345735607	1,573253975451814	-0,17718253734627606	0,2833174113406692	0,3618760602679123	-0,0329858170746972	53341,8	11583,5	11419,1	1944,6	52068,9	9,7	77,5	67,85567485000145	20,225125934155596	35,23515199984223	
1,8692537313432838	-97,97230824164886	0,20893051498194362	1,1092568346133667	-3,2824666345735607	1,573253975451814	-0,17718253734627606	-0,12666476934905654	-0,25163415834651554	-0,19460850524733486	53341,8	11583,5	11419,1	1944,6	52068,9	9,7	77,5	67,85567485000145	20,225125934155596	35,23515199984223	
1,889353233830846	-95,68026315569487	0,41167291169671394	1,2372495690833245	-3,282669530689246	1,5729726518035814	-0,17475203470684308	0,2947055695378226	0,33223152344677803	-0,11597186212401527	53341,8	11583,5	11419,1	1944,6	52068,9	9,7	77,5	67,85567262080838	20,22512573371585	36,93525302418176	
1,9094527363184082	-95,48155791204638	0,3411709567861935	1,007593776434768	-3,282669530689246	1,5729726518035814	-0,17475203470684308	0,05691305847591217	-0,23460069799321928	-0,20111772540214437	53341,8	11583,5	11419,1	1944,6	52068,9	9,7	77,5	67,85567262080838	20,22512573371585	36,93525302418176	
1,9295522388059703	-93,5584084536868	-0,2998340231834865	1,339206442882179	-3,2828889074198804	1,5726655561949132	-0,17209792302313912	0,12096979732458613	-0,3523832427342965	-0,22899696133090208	53341,7	11583,4	11419,1	1944,6	52068,8	9,7	77,5	67,85567034465757	20,22512552912413	38,6688971055608	
1,9496517412935326	-93,02207145171303	0,05836588825137154	1,1512183264037141	-3,2828889074198804	1,5726655561949132	-0,17209792302313912	0,2671009875421895	0,03175038473600237	0,28401901602566504	53341,7	11583,4	11419,1	1944,6	52068,8	9,7	77,5	67,85567034465757	20,22512552912413	38,6688971055608	
1,9697512437810947	-91,6219659234077	0,13070686904915085	1,0748799200284858	-3,283124264054852	1,5723325271266528	-0,16921852591179032	-0,15773527819751632	0,11476114337802337	0,1025849280725233	53341,7	11583,4	11419,1	1944,6	52068,8	9,7	77,5	67,85566802255401	20,22512532048188	40,435219431320654	
1,989850746268657	-91,29802789690564	0,0198302524256741	1,6799556051849527	-3,283124264054852	1,5723325271266528	-0,16921852591179032	-0,2543760506347165	0,07482056743339686	0,1585987521498108	53341,7	11583,4	11419,1	1944,6	52068,8	9,7	77,5	67,85566802255401	20,22512532048188	40,435219431320654	
2,009950248756219	-89,20369491170169	0,17713842536841445	1,8317219904674846	-3,283374837109002	1,5719736379006821	-0,16611414982704262	0,12674310164333072	-0,40548476869737293	-0,1892853024860026	53341,6	11583,4	11419,0	1944,6	52068,7	9,7	77,5	67,85566565537849	20,22512510788021	42,23344430268897	
2,0300497512437814	-89,51695237934847	-0,25096614041072907	1,4573916424326196	-3,283374837109002	1,5719736379006821	-0,16611414982704262	0,4456977665920002	0,29176132416402206	-0,16614073878901583	53341,6	11583,4	11419,0	1944,6	52068,7	9,7	77,5	67,85566565537849	20,22512510788021	42,23344430268897	
2,0501492537313437	-88,68527247762096	0,15197500905444367	1,5772041606969542	-3,283639586639529	1,5715892064779506	-0,16278716485674558	-0,23049868791793965	0,051481489182172935	0,1607697513099587	53341,6	11583,4	11419,0	1944,6	52068,7	9,7	77,5	67,8556632436854	20,22512489138213	44,06304193401433	
2,0702487562189056	-88,54672028109958	0,12351552326238475	1,6295786347564156	-3,283639586639529	1,5715892064779506	-0,16278716485674558	0,3149748302790285	-0,002946748062578679	-0,22440298801453415	53341,6	11583,4	11419,0	1944,6	52068,7	9,7	77,5	67,8556632436854	20,22512489138213	44,06304193401433	
2,090348258706468	-88,08681087113052	-0,16569720367630666	2,0092288057618193	-3,2839171858331535	1,57117980012414	-0,15924204006699294	-0,0622445346107951	0,25941772769639826	0,31780314944511434	53341,5	11583,4	11419,0	1944,6	52068,7	9,7	77,5	67,85566078770098	20,225124671022428	45,92372870059793	
2,11044776119403	-87,51647452143895	0,07826732670038239	1,8183397157449797	-3,2839171858331535	1,57117980012414	-0,15924204006699294	0,3049469353788359	0,3121872369856724	-0,11191646959853309	53341,5	11583,4	11419,0	1944,6	52068,7	9,7	77,5	67,85566078770098	20,225124671022428	45,92372870059793	
2,130547263681592	-87,47428365907277	-0,2809590642572385	1,7369326830927452	-3,284206010728162	1,570746241575531	-0,15548539237990988	0,3565866333837503	0,06272635618865781	0,24264352091151725	53341,5	11583,4	11419,0	1944,6	52068,6	9,7	77,5	67,85565828763923	20,225124446835654	47,81522008300506	
2,1506467661691544	-87,24120860507458	-0,28402380811352296	2,045298358034475	-3,284206010728162	1,570746241575531	-0,15548539237990988	0,03964721673367165	0,1178426901409101	-0,07954330328368059	53341,5	11583,4	11419,0	1944,6	52068,6	9,7	77,5	67,85565828763923	20,225124446835654	47,81522008300506	
2,1707462686567167	-86,26817666741643	-0,06896630801767756	1,8802223222897592	-3,284504132609602	1,570289613568756	-0,1515260218778901	-0,08522092882071333	-0,35680408306765116	-0,22113257947851667	53341,5	11583,4	11419,0	1944,6	52068,6	9,7	77,5	67,85565574370209	20,225124218856077	49,73723067569127	
2,1908457711442786	-86,08272449288009	-0,0772373691950255	2,3303384467929367	-3,284504132609602	1,570289613568756	-0,1515260218778901	-0,07348766740199328	0,07078246349365207	0,04216737294668565	53341,5	11583,4	11419,0	1944,6	52068,6	9,7	77,5	67,85565574370209	20,225124218856077	49,73723067569127	
2,2109452736318413	-85,73700535908588	0,1505611350226778	2,2977825768281197	-3,2848093144502046	1,5698112601683503	-0,14737492020002813	-0,07974322193719291	-0,28225669793999375	-0,22635849935664976	53341,4	11583,4	11419,0	1944,6	52068,5	9,7	77,5	67,85565315608001	20,22512398711761	51,68947419805975	
2,231044776119403	-85,52890600717585	0,1338958709051745	2,4842164309327157	-3,2848093144502046	1,5698112601683503	-0,14737492020002813	0,014603294167746278	-0,33918355981054815	0,04215695483600346	53341,4	11583,4	11419,0	1944,6	52068,5	9,7	77,5	67,85565315608001	20,22512398711761	51,68947419805975	
2,2511442786069655	-87,44329477039925	-0,1157296350333191	2,1496743193166714	-3,2851190119965743	1,5693127832707436	-0,14304523785471956	0,08848896981715118	-0,012994291355705364	-0,14707319661109686	53341,4	11583,4	11419,0	1944,6	52068,5	9,7	77,5	67,85565052440215	20,22512375160575	53,67208548973703	
2,2712437810945274	-86,90074890828434	-0,17528697342026406	2,230159238707915	-3,2851190119965743	1,5693127832707436	-0,14304523785471956	0,5014556070860305	-0,3556213803365	-0,030869693526532915	53341,4	11583,4	11419,0	1944,6	52068,5	9,7	77,5	67,85565052440215	20,22512375160575	53,67208548973703	
2,2913432835820897	-88,64369211934083	-0,20535149308371436	2,5159303237660313	-3,285430378075527	1,568796032564311	-0,13855219434975646	0,34879546361493285	-0,019557674860452377	-0,027952934313012517	53341,3	11583,4	11419,0	1944,5	52068,4	9,7	77,5	67,85564784762373	20,225123512247933	55,68570388399167	
2,311442786069652	-88,61682176525869	-0,23779386603186575	2,4577263780190832	-3,285430378075527	1,568796032564311	-0,13855219434975646	-0,26772895569801064	-0,29780377182991835	0,3165615610298549	53341,3	11583,4	11419,0	1944,5	52068,4	9,7	77,5	67,85564784762373	20,225123512247933	55,68570388399167	
2,3315422885572143	-90,26336231528985	0,35404241215243915	2,7061624941890408	-3,285740268583652	1,5682630985955266	-0,13391301685951523	-0,11128061368678974	0,01423989403803757	-0,3033875119178698	53341,3	11583,4	11419,0	1944,5	52068,4	9,7	77,5	67,855645124663	20,225123268969234	57,73098238660449	
2,351641791044776	-90,15227930858106	0,1528424570000496	2,8428601488621266	-3,285740268583652	1,5682630985955266	-0,13391301685951523	0,4919233349677438	-0,3022687640920173	-0,3275183333817428	53341,3	11583,4	11419,0	1944,5	52068,4	9,7	77,5	67,855645124663	20,225123268969234	57,73098238660449	
2,3717412935323385	-91,90614731475308	0,10679056038625478	2,768277569382794	-3,2860452539014924	1,5677163058593127	-0,12914688158033838	-0,040014071417907165	0,19550183290993764	-0,26555714119744106	53341,2	11583,4	11419,0	1944,5	52068,3	9,7	77,5	67,85564235451061	20,225123021701716	59,80850468300732	
2,391840796019901	-92,23841718662626	-0,09839277109895461	3,0108828610389944	-3,2860452539014924	1,5677163058593127	-0,12914688158033838	0,0026472305462112017	-0,10764544988799013	0,033424083072032734	53341,2	11583,4	11419,0	1944,5	52068,3	9,7	77,5	67,85564235451061	20,225123021701716	59,80850468300732	
2,411940298507463	-93,59420024496308	0,4058588954397946	2,445573209637274	-3,2863416373419616	1,5671582016662775	-0,12427482053642268	0,37440290325321984	-0,11829214667455631	0,3318586618341501	53341,2	11583,4	11419,0	1944,5	52068,3	9,7	77,5	67,85563953613985	20,22512277037637	61,91885446122271	
2,432039800995025	-93,65258294295568	-0,1339003482406522	2,463955200750605	-3,2863416373419616	1,5671582016662775	-0,12427482053642268	0,35897471925286545	-0,15950265107740438	-0,11150873106230447	53341,2	11583,4	11419,0	1944,5	52068,3	9,7	77,5	67,85563953613985	20,22512277037637	61,91885446122271	
2,4521393034825874	-92,8457436265854	-0,10299388382514096	3,0013334198819983	-3,2866254825362815	1,5665915414288125	-0,11931960047128548	0,34482714202283016	0,14510168285793063	-0,2716896945406591	53341,1	11583,3	11419,0	1944,5	52068,3	9,7	77,5	67,85563666909191	20,225122514973297	64,06217567417156	
2,4722388059701497	-92,8511126695773	-0,07563560662729779	3,0160606459641666	-3,2866254825362815	1,5665915414288125	-0,11931960047128548	0,31607175873323196	0,28260709631247133	0,11665899309590637	53341,1	11583,3	11419,0	1944,5	52068,3	9,7	77,5	67,85563666909191	20,225122514973297	64,06217567417156	
2,4923383084577115	-91,72541174343917	0,44861785028209655	2,9817984994701976	-3,2868926554562563	1,5660192695522557	-0,11430556929514245	-0,27853159174307013	0,2379572021358178	-0,11426133753992662	53341,1	11583,3	11419,0	1944,5	52068,2	9,7	77,5	67,855633753483	20,225122255521693	66,23817223385225	
2,512437810945274	-92,27053303644378	0,6846430017576782	2,731456963017235	-3,2868926554562563	1,5660192695522557	-0,11430556929514245	-0,19649456267009838	-0,03157719071392214	-0,33492456733306	53341,1	11583,3	11419,0	1944,5	52068,2	9,7	77,5	67,855633753483	20,225122255521693	66,23817223385225	
2,532537313432836	-91,48958032959155	0,4050553299239087	3,231410590141774	-3,2871388755347186	1,5654444910553746	-0,1092584239591624	-0,11146049502588165	-0,35519907946156665	0,3833528526565421	53341,0	11583,3	11418,9	1944,5	52068,2	9,7	77,5	67,85563078942633	20,22512199204954	68,44654724434572	
2,5526368159203985	-90,92243451739925	0,2094152417140993	3,283361430175146	-3,2871388755347186	1,5654444910553746	-0,1092584239591624	-0,14953069342942885	0,18512500486518613	0,10119137450571045	53341,0	11583,3	11418,9	1944,5	52068,2	9,7	77,5	67,85563078942633	20,22512199204954	68,44654724434572	
2,5727363184079604	-90,74459236882007	0,49138101686430447	2,615117142766123	-3,287359775034496	1,5648704378866507	-0,10420493476257521	-0,022936675561091635	-0,23010415073565058	0,03667187138374317	53341,0	11583,3	11418,9	1944,5	52068,1	9,7	77,5	67,855627777034	20,22512172458344	70,68700304091796	
2,5928358208955227	-90,53978104858037	0,5159516308561092	2,8782793423500035	-3,287359775034496	1,5648704378866507	-0,10420493476257521	0,19531801456103845	-0,34208952072957305	-0,3939853114173798	53341,0	11583,3	11418,9	1944,5	52068,1	9,7	77,5	67,855627777034	20,22512172458344	70,68700304091796	
2,6129353233830845	-89,64685557361919	0,7214075885606526	3,2549345541538695	-3,2875509670128142	1,5643004313106184	-0,0991726385130298	0,23843526400620452	0,35742570729896694	-0,01674597531369859	53340,9	11583,3	11418,9	1944,5	52068,1	9,7	77,5	67,85562471641923	20,225121453148443	72,95924123202698	
2,6330348258706473	-89,45850628079218	0,45937033599656996	3,059898987910145	-3,2875509670128142	1,5643004313106184	-0,0991726385130298	0,32983090263565934	-0,3714217712278618	-0,14708830887820717	53340,9	11583,3	11418,9	1944,5	52068,1	9,7	77,5	67,85562471641923	20,225121453148443	72,95924123202698	
2,653134328358209	-90,24981821423853	0,32418977707496277	2,611166830629352	-3,2877081194274704	1,5637378411904637	-0,09418950674836886	0,21127349618331207	-0,011955064940089619	-0,116957372780952	53340,9	11583,3	11418,9	1944,5	52068,0	9,7	77,5	67,85562160728738	20,22512117773284	75,26326612442287	
2,6732338308457715	-90,39901654670825	0,504738995516841	3,0955769193321587	-3,2877081194274704	1,5637378411904637	-0,09418950674836886	-0,0033712822720553953	0,020983706440967847	-0,24490492623184978	53340,9	11583,3	11418,9	1944,5	52068,0	9,7	77,5	67,85562160728738	20,22512117773284	75,26326612442287	
2,693333333333334	-91,3102546337712	0,7948284805833502	2,806249474721085	-3,287827029491964	1,5631860447279418	-0,08928360899849815	0,0778280965529357	-0,4006648133187085	-0,038975555367418445	53340,8	11583,3	11418,9	1944,5	52067,9	9,7	77,5	67,85561844893434	20,225120898287788	77,59938495351233	
2,7134328358208957	-90,88021053853544	0,9067190778916416	3,2689568753846103	-3,287827029491964	1,5631860447279418	-0,08928360899849815	-0,17092704865303368	0,3611276254653361	-0,02475364299673767	53340,8	11583,3	11418,9	1944,5	52067,9	9,7	77,5	67,85561844893434	20,225120898287788	77,59938495351233	
2,733532338308458	-91,73086448070272	0,6734798269407449	2,782118634723472	-3,2879037074692925	1,562648383867414	-0,08448276838171265	0,19492493313204606	-0,3838078426962016	-0,1746214214119867	53340,8	11583,3	11418,9	1944,5	52067,9	9,7	77,5	67,85561524065693	20,225120614761945	79,96790488451148	
2,7536318407960203	-91,88277696230834	0,3806976871970307	2,6634195705762016	-3,2879037074692925	1,562648383867414	-0,08448276838171265	-0,08703125011831342	-0,31403950510760864	-0,18021747214620676	53340,8	11583,3	11418,9	1944,5	52067,9	9,7	77,5	67,85561524065693	20,225120614761945	79,96790488451148	
2,773731343283582	-92,44989547088733	0,39569449839965426	2,378372828161441	-3,28793446760237	1,5621281205102258	-0,07981420099991263	-0,02673509231905441	-0,12302943655233063	-0,046202620787267265	53340,7	11583,3	11418,9	1944,5	52067,8	9,7	77,5	67,85561198175546	20,225120327101276	82,36913304280465	
2,7938308457711445	-92,56625721343386	0,46920297755151824	2,982710775802368	-3,28793446760237	1,5621281205102258	-0,07981420099991263	0,21906469888648525	-0,10628935330828936	-0,1593962323390222	53340,7	11583,3	11418,9	1944,5	52067,8	9,7	77,5	67,85561198175546	20,225120327101276	82,36913304280465	
2,8139303482587072	-93,61937595478207	0,913600064571321	2,3806752025127045	-3,287916023463321	1,5616283900663122	-0,07530414271304262	0,1455020342062206	-0,30254640748021416	-0,28061080723498827	53340,7	11583,3	11418,9	1944,5	52067,8	9,7	77,5	67,85560867153632	20,22512003524881	84,803376546173	
2,8340298507462687	-93,9503138822133	0,4794344039968562	2,610404068285735	-3,287916023463321	1,5616283900663122	-0,07530414271304262	-0,30283427229220977	0,20315179707488412	0,053568734855364335	53340,7	11583,3	11418,9	1944,5	52067,8	9,7	77,5	67,85560867153632	20,22512003524881	84,803376546173	
2,8541293532338314	-94,7355059347997	0,8693555487769734	2,186558795959333	-3,287845586108953	1,5611521539624311	-0,07097746827215763	-0,04785777063489116	-0,29301967156751363	0,18732141261092372	53340,6	11583,3	11418,9	1944,5	52067,7	9,7	77,5	67,85560530931473	20,22511973914444	87,27094253827757	
2,8742288557213933	-94,52820908000288	0,9290141886186261	2,7133959632485705	-3,287845586108953	1,5611521539624311	-0,07097746827215763	0,41409759288876224	-0,2685586960432695	-0,12173859180058128	53340,6	11583,3	11418,9	1944,5	52067,7	9,7	77,5	67,85560530931473	20,22511973914444	87,27094253827757	
2,8943283582089556	-94,89155291394488	0,8257889335636005	1,924097980358796	-3,287720963149023	1,5607021518002016	-0,06685730836874462	0,0501038526829647	-0,3767948257464597	0,2460463463035668	53340,6	11583,2	11418,9	1944,5	52067,7	9,7	77,5	67,85560189441736	20,225119438724725	89,77213822268305	
2,914427860696518	-95,52715086739742	0,9783465020252089	2,613624974942269	-3,287720963149023	1,5607021518002016	-0,06685730836874462	0,19348692304468396	0,27655730052297445	-0,03990282981812775	53340,6	11583,2	11418,9	1944,5	52067,7	9,7	77,5	67,85560189441736	20,225119438724725	89,77213822268305	
2,93452736318408	-96,11547451813676	1,2527475900998515	2,4450578505975855	-3,287540656564208	1,5602808539263207	-0,06296467069404027	-0,19990799668594045	-0,16542149196183106	0,12958832303321843	53340,5	11583,2	11418,9	1944,5	52067,6	9,7	77,5	67,85559842618507	20,225119133922746	92,30727089661707	
2,954626865671642	-96,13145302093777	1,063975916121049	1,804254045299965	-3,287540656564208	1,5602808539263207	-0,06296467069404027	-0,2376137852431524	-0,36777129563526245	0,1779193725445785	53340,5	11583,2	11418,9	1944,5	52067,6	9,7	77,5	67,85559842618507	20,225119133922746	92,30727089661707	
2,974726368159204	-96,85211187740546	0,9928962171062654	2,2056263755879706	-3,2873039568587896	1,559890415241044	-0,05931807158226152	-0,2566043656115485	-0,3082731663936088	-0,28252909172272933	53340,4	11583,2	11418,8	1944,5	52067,6	9,7	77,5	67,85559490397533	20,225118824667987	94,87664798357729	
2,9948258706467663	-96,78848178375954	1,1164107680419477	2,173560840290527	-3,2873039568587896	1,559890415241044	-0,05931807158226152	-0,11128444015040792	-0,07259430363272698	0,13330418287516427	53340,4	11583,2	11418,8	1944,5	52067,6	9,7	77,5	67,85559490397533	20,225118824667987	94,87664798357729	
3,0149253731343286	-97,7809885147687	1,3016051105460251	1,9416745401991757	-3,2870110309064553	1,559532631127747	-0,05593318522120769	-0,08741726598905414	-0,1852800641021845	0,28175670820422066	53340,4	11583,2	11418,8	1944,5	52067,5	9,7	77,5	67,85559132716484	20,22511851088627	97,4805770638305	
3,0350248756218905	-97,76906017116971	1,197028989780181	2,084945975327476	-3,2870110309064553	1,559532631127747	-0,05593318522120769	0,3027655912261232	0,10849961795356793	-0,262213198433377	53340,4	11583,2	11418,8	1944,5	52067,5	9,7	77,5	67,85559132716484	20,22511851088627	97,4805770638305	
3,0551243781094533	-97,37653781026769	0,7880007611849086	1,3567917255209807	-3,286663001775778	1,559208895759116	-0,05282251232456625	-0,07881934050765807	0,056112767178170715	-0,09771965758093264	53340,3	11583,2	11418,8	1944,5	52067,4	9,7	77,5	67,85558769536549	20,22511819251808	100,11921293189013	
3,0752238805970156	-97,87685284239392	1,290281940908377	1,3133656043653903	-3,286663001775778	1,559208895759116	-0,05282251232456625	-0,17125188521186901	-0,14149875658194605	-0,09363086034253114	53340,3	11583,2	11418,8	1944,5	52067,4	9,7	77,5	67,85558769536549	20,22511819251808	100,11921293189013	
3,0953233830845774	-97,98960704145586	1,344936865348231	1,5016158456436457	-3,2862620193861023	1,5589201622409938	-0,049995063517221994	0,1252677029680146	0,21363521745412128	0,2998922589773502	53340,3	11583,2	11418,8	1944,5	52067,4	9,7	77,5	67,85558400842763	20,225117869518908	102,79255754035327	
3,1154228855721398	-97,50057837854148	0,622460734454559	1,6237103048639472	-3,2862620193861023	1,5589201622409938	-0,049995063517221994	-0,09346749692587333	-0,07398304886149122	0,1572811947799504	53340,3	11583,2	11418,8	1944,5	52067,4	9,7	77,5	67,85558400842763	20,225117869518908	102,79255754035327	
3,135522388059702	-97,95250967797975	0,9452975141844058	0,703197596035376	-3,2858113112859786	1,5586669097406152	-0,04745609799928746	0,3577548515639905	0,09985651086105364	0,297565931139361	53340,2	11583,2	11418,8	1944,5	52067,3	9,7	77,5	67,8555802662288	20,225117541841197	105,50061282194723	
3,155621890547264	-97,59344136527389	0,8764433629295058	1,0608505281324476	-3,2858113112859786	1,5586669097406152	-0,04745609799928746	-0,3409819639086131	-0,31157355236554535	0,35726980004086906	53340,2	11583,2	11418,8	1944,5	52067,3	9,7	77,5	67,8555802662288	20,225117541841197	105,50061282194723	
3,1757213930348263	-97,66104401618446	1,3576262508265835	0,5265854631180323	-3,285315212787981	1,5584491178106952	-0,04520691914576941	0,30913154315865166	-0,1607027956481826	0,36042148620302994	53340,1	11583,2	11418,8	1944,5	52067,3	9,7	77,5	67,85557646867474	20,225117209434668	108,24338070874343	
3,195820895522388	-97,2870070783231	0,6293809459569008	0,49235611414022107	-3,285315212787981	1,5584491178106952	-0,04520691914576941	0,37805672815177377	0,3078112696994469	0,17299945755947382	53340,1	11583,2	11418,8	1944,5	52067,3	9,7	77,5	67,85557646867474	20,225117209434668	108,24338070874343	
3,2159203980099504	-97,28617851330829	0,7807282121757749	0,6778638233861669	-3,284779174677029	1,5582662483114655	-0,043244729767455165	0,007337772418467198	0,22815262415841236	-0,06698648922486213	53340,1	11583,2	11418,8	1944,4	52067,2	9,7	77,5	67,85557261570007	20,22511687224665	111,02086314408041	
3,236019900497513	-98,00487809787575	1,268662736473683	0,22012383021835646	-3,284779174677029	1,5582662483114655	-0,043244729767455165	0,27876335008372866	-0,3507576905509198	0,2264194173745857	53340,1	11583,2	11418,8	1944,4	52067,2	9,7	77,5	67,85557261570007	20,22511687224665	111,02086314408041	
3,2561194029850746	-97,56135608263955	0,6455142068238988	0,6161007174063373	-3,2842097457453607	1,5581172358635091	-0,04156255381454402	0,16901976727204174	-0,32981450741049173	0,19928422818659897	53340,0	11583,1	11418,8	1944,4	52067,1	9,7	77,5	67,85556870726849	20,225116530222554	113,83306208645139	
3,2762189054726374	-97,34129264330747	0,7242678643821778	0,5615315960844686	-3,2842097457453607	1,5581172358635091	-0,04156255381454402	-0,3007762231708462	0,37589892183696433	0,1684021263984345	53340,0	11583,1	11418,8	1944,4	52067,1	9,7	77,5	67,85556870726849	20,225116530222554	113,83306208645139	
3,2963184079601993	-97,35399772402461	0,8473668669832107	-0,02809636168593682	-3,2836145277526274	1,558000487674022	-0,0401492304850716	-0,11443168331341089	-0,04600332777854137	-0,29382070957723083	53339,9	11583,1	11418,8	1944,4	52067,1	9,7	77,5	67,85556474337253	20,225116183306408	116,67997950475005	
3,3164179104477616	-97,64501307901902	0,9252948837696107	0,23179897696484558	-3,2836145277526274	1,558000487674022	-0,0401492304850716	-0,23311721702173083	-0,3223000119104207	0,0024866310410471834	53339,9	11583,1	11418,8	1944,4	52067,1	9,7	77,5	67,85556474337253	20,225116183306408	116,67997950475005	
3,336517412935324	-97,79039260287719	0,6302955865561317	-0,37846426245214615	-3,283002100878553	1,5579138934587837	-0,03898948567545099	0,4013928441143446	0,1954847723462456	0,20075336146702594	53339,9	11583,1	11418,8	1944,4	52067,0	9,7	77,5	67,85556072403271	20,225115831441503	119,56161736443359	
3,3566169154228858	-97,3763735662534	1,0275425095703177	0,3038106225483104	-3,283002100878553	1,5579138934587837	-0,03898948567545099	-0,2504359353445353	0,23022486355275154	-0,2564651975340907	53339,9	11583,1	11418,8	1944,4	52067,0	9,7	77,5	67,85556072403271	20,225115831441503	119,56161736443359	
3,376716417910448	-97,71724903296436	0,8454951234909511	-0,3831189170197489	-3,282381918336064	1,5578548460295087	-0,038064084480100374	-0,08953114369160839	-0,07463422676110053	0,24317208557506664	53339,8	11583,1	11418,7	1944,4	52066,9	9,7	77,5	67,85555664929632	20,225115474571144	122,4779776043516	
3,3968159203980104	-97,85220318269036	1,0331748817284219	-0,33530614357598054	-3,282381918336064	1,5578548460295087	-0,038064084480100374	0,0639088118695899	0,32075483749843203	-0,2728096070088213	53339,8	11583,1	11418,7	1944,4	52066,9	9,7	77,5	67,85555664929632	20,225115474571144	122,4779776043516	
3,4169154228855723	-97,66713766808233	0,8105479089582519	-0,5229544592761475	-3,28176416954862	1,557820272929756	-0,037350067015199634	-0,0055533722621715215	-0,4062322818414772	0,2150595319755968	53339,7	11583,1	11418,7	1944,4	52066,9	9,7	77,5	67,85555251923547	20,225115112639426	125,4290621041986	
3,4370149253731346	-97,65976991214865	1,0355000898484266	-0,45487758770438225	-3,28176416954862	1,557820272929756	-0,037350067015199634	-0,1260513875796807	-0,37331647986385197	-0,3363821420413469	53339,7	11583,1	11418,7	1944,4	52066,9	9,7	77,5	67,85555251923547	20,225115112639426	125,4290621041986	
3,4571144278606973	-97,7072471484885	0,8874785168141435	-0,6047014827804442	-3,281159612164989	1,5578066792816452	-0,0368210682177825	-0,05509586556327778	-0,23800758373322273	-0,07221568328155795	53339,7	11583,1	11418,7	1944,4	52066,8	9,7	77,5	67,85554833394484	20,225114745592126	128,41487264277154	
3,477213930348259	-97,45493601271095	1,127590234942354	-0,1105759082716018	-3,281159612164989	1,5578066792816452	-0,0368210682177825	-0,3333445727566159	0,31076236444287414	0,03731228593507172	53339,7	11583,1	11418,7	1944,4	52066,8	9,7	77,5	67,85554833394484	20,225114745592126	128,41487264277154	
3,4973134328358215	-97,64030960613756	0,8769665337171008	-0,7254497473021436	-3,2805793741790605	1,5578102017509277	-0,03644772047019845	0,3647982121388944	0,2934668398273907	0,35021013792557326	53339,6	11583,1	11418,7	1944,4	52066,7	9,7	77,5	67,85554409353873	20,22511437337763	131,43541084744692	
3,5174129353233834	-97,27731483638367	1,0613422710745988	-0,18111440429161008	-3,2805793741790605	1,5578102017509277	-0,03644772047019845	0,3912402565255117	-0,36305171154879834	-0,18409981072526954	53339,6	11583,1	11418,7	1944,4	52066,7	9,7	77,5	67,85554409353873	20,22511437337763	131,43541084744692	
3,5375124378109457	-97,68221878783594	0,5311779878307996	-0,38418473996407343	-3,2800347285236704	1,557826673251953	-0,03619813594248725	-0,08792315147809437	-0,19990386336391364	-0,37386000659737006	53339,5	11583,1	11418,7	1944,4	52066,7	9,7	77,5	67,85553979814772	20,225113995947876	134,4906781355282	
3,557611940298508	-97,87704409961886	0,776115657859741	-0,8849480238171477	-3,2800347285236704	1,557826673251953	-0,03619813594248725	-0,2933097315837248	-0,24022099920329695	0,16881794040225584	53339,5	11583,1	11418,7	1944,4	52066,7	9,7	77,5	67,85553979814772	20,225113995947876	134,4906781355282	
3,57771144278607	-97,82954935150255	0,8449722187941591	-0,31739397871478253	-3,279536843687944	1,557851697700794	-0,03603846345809461	0,3844599206112155	-0,2715753020524614	-0,18475194151357047	53339,5	11583,1	11418,7	1944,4	52066,6	9,7	77,5	67,855535447915	20,225113613259353	137,5806756483464	
3,597810945273632	-97,56402790995847	0,7633977525897317	-0,4436891191202924	-3,279536843687944	1,557851697700794	-0,03603846345809461	-0,2716349756816763	-0,3652630101282301	0,31311419306289173	53339,5	11583,1	11418,7	1944,4	52066,6	9,7	77,5	67,855535447915	20,225113613259353	137,5806756483464	
3,617910447761194	-97,79409998379703	0,6130172398297792	-0,29966598499517144	-3,279096515128665	1,5578807337906821	-0,03593351250412927	-0,2001303848701655	-0,26085075224054394	0,06413539871609862	53339,4	11583,0	11418,7	1944,4	52066,5	9,7	77,5	67,85553104299213	20,225113225274043	140,70540417921984	
3,6380099502487564	-97,6823870329199	0,2548619610748902	-0,6030623930826142	-3,279096515128665	1,5578807337906821	-0,03593351250412927	0,08237769772448278	0,3374348356168214	0,35038493227339546	53339,4	11583,0	11418,7	1944,4	52066,5	9,7	77,5	67,85553104299213	20,225113225274043	140,70540417921984	
3,658109452736319	-96,97730706604867	0,37963208061940246	-0,40726477925754806	-3,27872388234068	1,557909186463043	-0,03584743476882976	0,37352356005563403	-0,13833382997194263	-0,11466742688762292	53339,3	11583,0	11418,7	1944,4	52066,5	9,7	77,5	67,85552658373861	20,22511283197908	143,86471947271838	
3,6782089552238806	-96,88868466541221	0,8876255693739235	-0,37728223224457896	-3,27872388234068	1,557909186463043	-0,03584743476882976	0,3400350076541054	-0,21976332908454752	0,027232258437078716	53339,3	11583,0	11418,7	1944,4	52066,5	9,7	77,5	67,85552658373861	20,22511283197908	143,86471947271838	
3,6983084577114433	-95,91485875498486	0,3850147199031209	-0,8434759717170173	-3,278428135799176	1,5579325047963304	-0,035744454112056956	-0,3137474677369103	-0,12321539060869946	0,12774000604893335	53339,3	11583,0	11418,7	1944,4	52066,4	9,7	77,5	67,85552207071729	20,225112433387746	147,0583320890419	
3,7184079601990057	-96,50510282830211	0,5730218721258056	-0,647549589323102	-3,278428135799176	1,5579325047963304	-0,035744454112056956	-0,20492893859684164	0,26093019192694056	-0,30205364523659817	53339,3	11583,0	11418,7	1944,4	52066,4	9,7	77,5	67,85552207071729	20,225112433387746	147,0583320890419	
3,7385074626865675	-95,66130076042965	0,24618894124050913	-0,5675155370732247	-3,2782172283728612	1,5579462842955671	-0,03558963347728186	0,3970324823503786	0,02954232459240843	-0,07226060569934611	53339,2	11583,0	11418,6	1944,4	52066,3	9,7	77,5	67,85551750448569	20,225112029521636	150,2859517988068	
3,75860696517413	-95,20196690809446	0,459677971686796	-0,6014670625740688	-3,2782172283728612	1,5579462842955671	-0,03558963347728186	-0,18220694900445975	0,3327774947634571	0,07762296441258182	53339,2	11583,0	11418,6	1944,4	52066,3	9,7	77,5	67,85551750448569	20,225112029521636	150,2859517988068	
3,778706467661692	-94,67415309076783	0,2500420969756202	-0,45358627381607963	-3,278097600047247	1,557946370460311	-0,035349656098515786	-0,0483764443231407	-0,2062285245849758	0,1504248737922256	53339,1	11583,0	11418,6	1944,4	52066,2	9,7	77,5	67,85551288559138	20,22511162041124	153,54728751468625	
3,798805970149254	-94,27377321132695	0,11130817105804242	-0,07485526819647961	-3,278097600047247	1,557946370460311	-0,035349656098515786	0,3877773724905108	-0,27269103008991447	-1,7781250098386145e-05	53339,1	11583,0	11418,6	1944,4	52066,2	9,7	77,5	67,85551288559138	20,22511162041124	153,54728751468625	
3,8189054726368163	-93,85144047194773	-0,15167733260996927	0,3103649604698183	-3,2780739244580666	1,5579289608375384	-0,03499360126893039	-0,03232461809293363	0,24180028569328355	0,337386987503477	53339,0	11583,0	11418,6	1944,4	52066,2	9,7	77,5	67,85550821464138	20,22511120610323	156,8419948256475	
3,839004975124378	-93,51042617257649	0,1106785219691758	-0,45367012171748144	-3,2780739244580666	1,5579289608375384	-0,03499360126893039	-0,3304042667725353	0,008042877930213084	0,1735612694090681	53339,0	11583,0	11418,6	1944,4	52066,2	9,7	77,5	67,85550821464138	20,22511120610323	156,8419948256475	
3,8591044776119405	-93,98816876077318	-0,2041208284918777	0,24675661377667346	-3,2781488880727747	1,5578907024035267	-0,034493692761518785	0,425918188747854	0,08142356912000014	0,38720664453152337	53339,0	11583,0	11418,6	1944,4	52066,1	9,7	77,5	67,8555034920191	20,22511078663498	160,16987366994488	
3,8792039800995033	-94,0434001740595	-0,2589567343954542	0,10061585046999408	-3,2781488880727747	1,5578907024035267	-0,034493692761518785	0,31665379878130945	-0,32240186325926307	-0,08531832223288678	53339,0	11583,0	11418,6	1944,4	52066,1	9,7	77,5	67,8555034920191	20,22511078663498	160,16987366994488	
3,899303482587065	-93,94947182292596	-0,20416182604058486	0,4133469136516308	-3,2783230184088756	1,5578287795769088	-0,033825986665783625	0,1688273449095506	0,24155626971215186	0,21998805744072678	53338,9	11583,0	11418,6	1944,3	52066,0	9,7	77,5	67,85549871780675	20,22511036202784	163,53092068472208	
3,9194029850746275	-93,70326994276107	-0,41913561995594445	0,7004329791025146	-3,2783230184088756	1,5578287795769088	-0,033825986665783625	0,051279092492159804	-0,17572881613725136	-0,16100606688598842	53338,9	11583,0	11418,6	1944,3	52066,0	9,7	77,5	67,85549871780675	20,22511036202784	163,53092068472208	
3,9395024875621893	-93,90489280618662	0,2642058788566426	0,7895787480771173	-3,2785945563467913	1,5577409924593717	-0,03297099459704175	-0,10357842267724784	0,3420618783273783	-0,35819302414087745	53338,8	11582,9	11418,6	1944,3	52065,9	9,7	77,5	67,8554938920604	20,22510993231282	166,92513160406475	
3,9596019900497517	-93,96437152061125	0,048768551002380256	0,9977064577995177	-3,2785945563467913	1,5577409924593717	-0,03297099459704175	-0,10026928770902713	0,35138695919944735	0,3110265832099188	53338,8	11582,9	11418,6	1944,3	52065,9	9,7	77,5	67,8554938920604	20,22510993231282	166,92513160406475	
3,979701492537314	-93,48240498610252	0,16891187946780217	0,7987845765770926	-3,2789593828896817	1,5576258222363186	-0,03191422040457165	0,2201898046276638	-0,29093424676520924	0,05505144315980378	53338,7	11582,9	11418,6	1944,3	52065,9	9,7	77,5	67,8554890148072	20,22510949753032	170,35250120842107	
3,999800995024876	-93,56965241992991	-0,28364570668442407	1,091800644479063	-3,2789593828896817	1,5576258222363186	-0,03191422040457165	-0,10493352480395432	0,36452560057418393	-0,39932961472783796	53338,7	11582,9	11418,6	1944,3	52065,9	9,7	77,5	67,8554890148072	20,22510949753032	170,35250120842107	
4,019900497512438	-93,72224907796173	-0,33422050573398754	1,2691956597814702	-3,2794110084866515	1,5574824806979974	-0,03064658753870675	0,18098160579125117	-0,09478497537885165	0,09182797028072764	53338,6	11582,9	11418,6	1944,3	52065,8	9,7	77,5	67,85548408604345	20,225109057729693	173,81302328520943	
4,04	-93,28975424815947	-0,1237632022619986	1,0431732759090888	-3,2794110084866515	1,5574824806979974	-0,03064658753870675	-0,30351250073276426	-0,020006809794955106	0,2503620588055871	53338,6	11582,9	11418,6	1944,3	52065,8	9,7	77,5	67,85548408604345	20,225109057729693	173,81302328520943	
